-- SQL Import Script for Diwan Autoparts Products
-- Generated from Excel mapping

BEGIN TRANSACTION;

-- Insert Categories
INSERT OR IGNORE INTO categories (name) VALUES ('Dipper Switch');
INSERT OR IGNORE INTO categories (name) VALUES ('Male-Female; Male-Female Assemb');
INSERT OR IGNORE INTO categories (name) VALUES ('Clucth Switch-C.D.I');
INSERT OR IGNORE INTO categories (name) VALUES ('Air Filter');
INSERT OR IGNORE INTO categories (name) VALUES ('Brake Shoe ');
INSERT OR IGNORE INTO categories (name) VALUES ('Lever Set ');
INSERT OR IGNORE INTO categories (name) VALUES ('Self-Cutout- Relay');
INSERT OR IGNORE INTO categories (name) VALUES ('Disc Caliber');
INSERT OR IGNORE INTO categories (name) VALUES ('Front Spocket');
INSERT OR IGNORE INTO categories (name) VALUES ('Ingnation Swtich-Switch set');
INSERT OR IGNORE INTO categories (name) VALUES ('Brake Cable-BrakeYoke ');
INSERT OR IGNORE INTO categories (name) VALUES ('Seat Cover');
INSERT OR IGNORE INTO categories (name) VALUES ('Acc Cable ');
INSERT OR IGNORE INTO categories (name) VALUES ('Choke Cable-Clutch Yoke');
INSERT OR IGNORE INTO categories (name) VALUES ('Suspention Bush');
INSERT OR IGNORE INTO categories (name) VALUES ('Oil Seal');
INSERT OR IGNORE INTO categories (name) VALUES ('Clutch Cable ');
INSERT OR IGNORE INTO categories (name) VALUES ('Came Chain-Came Chain exchauste');
INSERT OR IGNORE INTO categories (name) VALUES ('Disc Plate');
INSERT OR IGNORE INTO categories (name) VALUES ('Shock Spring');
INSERT OR IGNORE INTO categories (name) VALUES ('Shock Rod ');
INSERT OR IGNORE INTO categories (name) VALUES ('Gear Lever-Gear  Sharf');
INSERT OR IGNORE INTO categories (name) VALUES ('Carburator');
INSERT OR IGNORE INTO categories (name) VALUES ('Cone Bearing ');
INSERT OR IGNORE INTO categories (name) VALUES ('Speedo Meter Cable ');
INSERT OR IGNORE INTO categories (name) VALUES (' Footrest');
INSERT OR IGNORE INTO categories (name) VALUES ('Side Stand');
INSERT OR IGNORE INTO categories (name) VALUES ('Tube');
INSERT OR IGNORE INTO categories (name) VALUES ('Plug-Plug Cap');
INSERT OR IGNORE INTO categories (name) VALUES ('Mobil');
INSERT OR IGNORE INTO categories (name) VALUES ('Drum Rubber');
INSERT OR IGNORE INTO categories (name) VALUES ('Brake Pad-Disk Pad');
INSERT OR IGNORE INTO categories (name) VALUES ('Others');
INSERT OR IGNORE INTO categories (name) VALUES ('Rocker');
INSERT OR IGNORE INTO categories (name) VALUES ('Side Light');
INSERT OR IGNORE INTO categories (name) VALUES ('Brake Paddle-Brake Rod');
INSERT OR IGNORE INTO categories (name) VALUES ('Rektifire');
INSERT OR IGNORE INTO categories (name) VALUES ('Tanky Cap');
INSERT OR IGNORE INTO categories (name) VALUES ('Bearing ');
INSERT OR IGNORE INTO categories (name) VALUES ('Half-Excel');
INSERT OR IGNORE INTO categories (name) VALUES ('Clutch Plate');
INSERT OR IGNORE INTO categories (name) VALUES ('Front+Rear Master Cylinder');
INSERT OR IGNORE INTO categories (name) VALUES ('Top ');
INSERT OR IGNORE INTO categories (name) VALUES ('Fine Belt ');
INSERT OR IGNORE INTO categories (name) VALUES ('Kick Lever');
INSERT OR IGNORE INTO categories (name) VALUES ('One Way Bearing ');
INSERT OR IGNORE INTO categories (name) VALUES ('Head Show-Head Light Assemble');
INSERT OR IGNORE INTO categories (name) VALUES ('Petrol Tap');
INSERT OR IGNORE INTO categories (name) VALUES ('Clutch Shoe-Chain exhauster');
INSERT OR IGNORE INTO categories (name) VALUES ('Mirror');
INSERT OR IGNORE INTO categories (name) VALUES ('Tyres');
INSERT OR IGNORE INTO categories (name) VALUES ('Chainkit');
INSERT OR IGNORE INTO categories (name) VALUES ('Self-Carbon');
INSERT OR IGNORE INTO categories (name) VALUES ('Timing Pad');
INSERT OR IGNORE INTO categories (name) VALUES ('Rear Axel');

-- Insert Brands
INSERT OR IGNORE INTO brands (name) VALUES ('TVS');
INSERT OR IGNORE INTO brands (name) VALUES ('Bajaj');
INSERT OR IGNORE INTO brands (name) VALUES ('Royal Enfield');
INSERT OR IGNORE INTO brands (name) VALUES ('Pollysu');
INSERT OR IGNORE INTO brands (name) VALUES ('Brake Yoke');
INSERT OR IGNORE INTO brands (name) VALUES ('Mgf');
INSERT OR IGNORE INTO brands (name) VALUES ('YAMAHA');
INSERT OR IGNORE INTO brands (name) VALUES ('HONDA');
INSERT OR IGNORE INTO brands (name) VALUES ('F.C.C.');
INSERT OR IGNORE INTO brands (name) VALUES ('BAJAJ');
INSERT OR IGNORE INTO brands (name) VALUES ('Honda');
INSERT OR IGNORE INTO brands (name) VALUES ('Others');
INSERT OR IGNORE INTO brands (name) VALUES ('H/F');
INSERT OR IGNORE INTO brands (name) VALUES ('Suzuki');
INSERT OR IGNORE INTO brands (name) VALUES ('Hero');
INSERT OR IGNORE INTO brands (name) VALUES ('Mebesto');
INSERT OR IGNORE INTO brands (name) VALUES ('SUZUKI');
INSERT OR IGNORE INTO brands (name) VALUES ('ASK');
INSERT OR IGNORE INTO brands (name) VALUES ('ABS');
INSERT OR IGNORE INTO brands (name) VALUES ('Company');
INSERT OR IGNORE INTO brands (name) VALUES ('Endurance');
INSERT OR IGNORE INTO brands (name) VALUES ('Veer');
INSERT OR IGNORE INTO brands (name) VALUES ('Superjit');
INSERT OR IGNORE INTO brands (name) VALUES ('Yamaha');

-- Insert Products
INSERT INTO products (
    category, sub_category, brand, sub_brand, product_name,
    wholesale_price, retail_price, qty_in_hand, qty_sold,
    available_stock, status
) VALUES
    ('Others', '', '', '', 'Brake Came (All Bike)', 180.0, 250.0, 0, 0, 0, ''),
    ('Others', '', '', '', 'Rocket Raincoat (Small Size)', 130.0, 150.0, 5, 0, 0, 'Available'),
    ('Others', '', '', '', 'Thunder Raincoat (Middle Size)', 220.0, 240.0, 5, 0, 0, 'Available'),
    ('Others', '', '', '', 'Eva Raincoat (Large Size)', 320.0, 350.0, 5, 0, 0, 'Available'),
    ('Others', '', '', '', 'All Fuse', 15.0, 15.0, 0, 0, 0, 'Reorder'),
    ('Others', '', '', '', 'Tubless Gun', 350.0, 350.0, 1, 0, 0, 'Reorder'),
    ('Others', '', '', '', 'Spray (W.D.40)', 350.0, 350.0, 5, 0, 0, 'Available'),
    ('Others', '', '', '', 'Blancer (Pulsar 150)', 1300.0, 1500.0, 3, 0, 0, 'Available'),
    ('Others', '', '', '', 'Brake Oil (Servo)', 230.0, 280.0, 12, 5, 0, 'Available'),
    ('Others', '', '', '', 'Brake Oil (Smart DOT4)', 180.0, 250.0, 2, 2, 0, 'Reorder'),
    ('Others', '', '', '', 'Back Light Bulb', 25.0, 35.0, 50, 0, 0, 'Available'),
    ('Others', '', '', '', 'Side Light Bulb(big)', 30.0, 35.0, 15, 0, 0, 'Available'),
    ('Others', '', '', '', 'Side Light Bulb(small-white)', 20.0, 30.0, 23, 0, 0, 'Available'),
    ('Others', '', '', '', 'Side Light Bulb(small-red)', 20.0, 30.0, 20, 0, 0, 'Available'),
    ('Others', '', '', '', 'Head Light Bulb (Auto Lamp)', 40.0, 50.0, 8, 2, 0, 'Available'),
    ('Others', '', '', '', 'Head Light Bulb (H7-Pulsar 220 "2pin")', 250.0, 300.0, 12, 0, 0, 'Available'),
    ('Others', '', '', '', 'Head Light Bulb (H4-NS-200 "3pin")', 150.0, 200.0, 10, 0, 0, 'Available'),
    ('Others', '', '', '', 'Head Light Bulb (HS-Pulsar 150 "3pin")', 130.0, 190.0, 14, 2, 0, 'Available'),
    ('Others', '', '', '', 'Head Light Bulb (HS-Pulsar 150 "3pin" 40-45)', 200.0, 250.0, 10, 2, 0, 'Available'),
    ('Others', '', '', '', 'Head Light Bulb (YBX)', 100.0, 120.0, 7, 1, 0, 'Available'),
    ('Others', '', '', '', 'Bike Cover (Ramro)', 850.0, 850.0, 2, 0, 0, 'Reorder'),
    ('Others', '', '', '', 'Bike Cover (Sasto)', 450.0, 450.0, 5, 0, 0, 'Available'),
    ('Others', '', '', '', 'Brake Pipe (Pulsar 220-Front) "75 cm"', 680.0, 800.0, 1, 0, 0, 'Reorder'),
    ('Others', '', '', '', 'Brake Pipe (Pulsar 220-Front) "85 cm"', 780.0, 1000.0, 1, 0, 0, 'Reorder'),
    ('Others', '', '', '', 'Brake Pipe (Pulsar 220-Rear)', 800.0, 1050.0, 2, 2, 0, 'Reorder'),
    ('Others', '', '', '', 'Brake Spring', 35.0, 40.0, 4, 0, 0, 'Available'),
    ('Others', '', '', '', 'Dori', 130.0, 130.0, 5, 0, 0, 'Available'),
    ('Others', '', '', '', 'Grip Set Cover Rubber', 85.0, 100.0, 4, 0, 0, 'Available'),
    ('Others', '', '', '', 'Focus Light', 650.0, 650.0, 4, 0, 0, 'Available'),
    ('Others', '', '', '', 'Double Stand Spring', 45.0, 60.0, 4, 0, 0, 'Available'),
    ('Others', '', '', '', 'Clutch Gasket (All Bike)', 35.0, 50.0, 4, 0, 0, 'Available'),
    ('Others', '', '', '', 'Magnet Gasket (All Bike)', 35.0, 50.0, 4, 0, 0, 'Available'),
    ('Others', '', '', '', 'Full Gasket (Pulsar 220)', 170.0, 200.0, 2, 1, 0, 'Reorder'),
    ('Others', '', '', '', 'Full Gasket (Pulsar 150)', 170.0, 200.0, 4, 0, 0, 'Available'),
    ('Others', '', '', '', 'Full Gasket (Dio NM)', 180.0, 220.0, 4, 0, 0, 'Available'),
    ('Others', '', '', '', 'Full Gasket (FZ)', 170.0, 200.0, 4, 0, 0, 'Available'),
    ('Others', '', '', '', 'Full Gasket (Unicorn)', 170.0, 200.0, 10, 0, 0, 'Available'),
    ('Others', '', '', '', 'Full Gasket (Shine)', 170.0, 200.0, 10, 0, 0, 'Available'),
    ('Others', '', '', '', 'Flasher with Buzzer', 90.0, 120.0, 18, 3, 0, 'Available'),
    ('Others', '', '', '', 'Half-Gasket (All Bike/Scooter)', 80.0, 150.0, 4, 0, 0, 'Available'),
    ('Others', '', '', '', 'Coolent (ABS)', 100.0, 150.0, 10, 3, 0, 'Available'),
    ('Others', '', '', '', 'Grip Set (Pulsar)', 170.0, 230.0, 10, 0, 0, 'Available'),
    ('Others', '', '', '', 'Grip (Pulsar-Bajaj)', 300.0, 400.0, 5, 2, 0, 'Available'),
    ('Others', '', '', '', 'Grip Set (Shine/Unicorn)', 170.0, 200.0, 4, 1, 0, 'Available'),
    ('Others', '', '', '', 'Grip Set (FZ)', 170.0, 200.0, 4, 0, 0, 'Available'),
    ('Others', '', '', '', 'Grip per pc (FZV2)', 80.0, 100.0, 5, 0, 0, 'Available'),
    ('Others', '', '', '', 'Grip per pc (RTR)', 80.0, 100.0, 4, 2, 0, 'Reorder'),
    ('Others', '', '', '', 'Handle Gotti (Unicorn/Pulsar)', 25.0, 30.0, 4, 0, 0, 'Available'),
    ('Others', '', '', '', 'Handle Gotti (FZ)', 60.0, 70.0, 4, 0, 0, 'Available'),
    ('Others', '', '', '', 'Grease (Small)', 130.0, 180.0, 5, 0, 0, 'Available'),
    ('Others', '', '', '', 'Grease (Half-Kg Servo)', 350.0, 400.0, 4, 1, 0, 'Available'),
    ('Others', '', '', '', 'Grease (Half-Kg Sasto)', 230.0, 300.0, 3, 3, 0, 'Reorder'),
    ('Others', '', '', '', 'Grease (1 Kg- Sasto)', 450.0, 600.0, 3, 3, 0, 'Reorder'),
    ('Others', '', '', '', 'Horn (Hero)', 200.0, 280.0, 12, 0, 0, 'Available'),
    ('Others', '', '', '', 'Handle Bar (Pulsar 150)', 550.0, 550.0, 1, 1, 0, 'Reorder'),
    ('Others', '', '', '', 'Handle Bar (Pulsar 220) per set', 850.0, 850.0, 3, 0, 0, 'Available'),
    ('Others', '', '', '', 'Handle Bar (Pulsar 220 bajaj) per set', 1300.0, 1300.0, 3, 2, 0, 'Reorder'),
    ('Others', '', '', '', 'Handle Bar (Unicorn)', 550.0, 550.0, 1, 1, 0, 'Reorder'),
    ('Others', '', '', '', 'Handle Bar (FZ)', 550.0, 550.0, 1, 0, 0, 'Reorder'),
    ('Others', '', '', '', 'Handle Bar (Splender)', 450.0, 450.0, 1, 0, 0, 'Reorder'),
    ('Others', '', '', '', 'Handle Bar (Shine)', 550.0, 550.0, 1, 0, 0, 'Reorder'),
    ('Others', '', '', '', 'Head Light Glass (Pulsar 150)', 230.0, 300.0, 4, 0, 0, 'Available'),
    ('Others', '', '', '', 'Head Light Glass (Pulsar 220)', 390.0, 450.0, 4, 0, 0, 'Available'),
    ('Others', '', '', '', 'Legguard (Pulsar 220)', 1400.0, 1550.0, 4, 0, 0, 'Available'),
    ('Others', '', '', '', 'Legguard (Pulsar 150 UG5)', 1320.0, 1450.0, 4, 0, 0, 'Available'),
    ('Others', '', '', '', 'Legguard (Pulsar 150 UG6)', 1450.0, 1650.0, 4, 0, 0, 'Available'),
    ('Others', '', '', '', 'Legguard (FZS)', 1000.0, 1100.0, 4, 0, 0, 'Available'),
    ('Others', '', '', '', 'Legguard (FSV2)', 1100.0, 1300.0, 4, 0, 0, 'Available'),
    ('Others', '', '', '', 'Legguard (Shine)', 1050.0, 1300.0, 4, 0, 0, 'Available'),
    ('Others', '', '', '', 'Legguard (Unicorn)', 1450.0, 1650.0, 4, 0, 0, 'Available'),
    ('Others', '', '', '', 'Legguard (RTR NM)', 1650.0, 1800.0, 4, 0, 0, 'Available'),
    ('Others', '', '', '', 'On/Off Switch', 130.0, 160.0, 20, 0, 0, 'Available'),
    ('Others', '', '', '', 'Rain Coat (Suit ma)', 2300.0, 2300.0, 4, 0, 0, 'Available'),
    ('Others', '', '', '', 'Silencer Cover (Pulsar 150)', 360.0, 400.0, 4, 0, 0, 'Available'),
    ('Others', '', '', '', 'Silencer Cover (Grazzia)', 210.0, 300.0, 4, 0, 0, 'Available'),
    ('Others', '', '', '', 'Silencer Cover (Dio NM)', 110.0, 150.0, 4, 0, 0, 'Available'),
    ('Others', '', '', '', 'Side Cover (Pulsar) per set', 950.0, 1100.0, 4, 0, 0, 'Available'),
    ('Others', '', '', '', 'Side Cover (Shine) per set', 950.0, 1100.0, 4, 0, 0, 'Available'),
    ('Others', '', '', '', 'Shock Oil (Bullet-175 ml)', 60.0, 80.0, 4, 0, 0, 'Available'),
    ('Others', '', '', '', 'Side Stand Pata', 180.0, 200.0, 5, 3, 0, 'Reorder'),
    ('Others', '', '', '', 'Tail Pannel (Pulsar)', 1100.0, 1100.0, 4, 0, 0, 'Available'),
    ('Others', '', '', '', 'Chainlock (Pulsar 150)', 60.0, 100.0, 10, 0, 0, 'Available'),
    ('Others', '', '', '', 'Chainlock (Pulsar 220)', 70.0, 100.0, 10, 2, 0, 'Available'),
    ('Others', '', '', '', 'Chainlock (FZ/RTR)', 60.0, 100.0, 10, 2, 0, 'Available'),
    ('Others', '', '', '', 'Chainlock (Shine)', 45.0, 70.0, 5, 0, 0, 'Available'),
    ('Others', '', '', '', 'Chainlock (Bullet)', 70.0, 100.0, 2, 1, 0, 'Reorder'),
    ('Others', '', '', '', 'Gear Rubber', 70.0, 70.0, 4, 0, 0, 'Available'),
    ('Others', '', '', '', 'Rear Brake switch (Pul-M)', 130.0, 200.0, 10, 0, 0, 'Available'),
    ('Others', '', '', '', 'Rear Brake switch (FZ-M)', 105.0, 130.0, 4, 0, 0, 'Available'),
    ('Others', '', '', '', 'Front Brake Switch (FZ)', 160.0, 200.0, 5, 3, 0, 'Reorder'),
    ('Others', '', '', '', 'Front Brake Switch (Pul)', 100.0, 150.0, 5, 1, 0, 'Available'),
    ('Others', '', '', '', 'Makhi/Inner (Acc+Clutch)', 25.0, 35.0, 4, 0, 0, 'Available'),
    ('Others', '', '', '', 'scooter switch (Starting)', 50.0, 80.0, 4, 0, 0, 'Available'),
    ('Others', '', '', '', 'scooter switch (Horn)', 50.0, 80.0, 4, 0, 0, 'Available'),
    ('Others', '', '', '', 'scooter switch (Sidelight)', 50.0, 80.0, 4, 1, 0, 'Available'),
    ('Others', '', '', '', 'scooter switch (Head Dim ON/OFF)', 50.0, 80.0, 4, 0, 0, 'Available'),
    ('Others', '', '', '', 'scooter switch (Light ON/OFF)', 50.0, 80.0, 4, 0, 0, 'Available'),
    ('Others', '', '', '', 'Hanger bush', 50.0, 80.0, 4, 4, 0, 'Reorder'),
    ('Others', '', '', '', 'Disk Lock', 350.0, 350.0, 5, 0, 0, 'Reorder'),
    ('Others', '', '', '', 'Gear Oil (Motul)', 200.0, 300.0, 7, 1, 0, 'Available'),
    ('Others', '', '', '', 'Jaali/Eye (Pul 220)', 150.0, 150.0, 10, 1, 0, 'Available'),
    ('Others', '', '', '', 'Rear Shock Bush (Dio)', 35.0, 35.0, 10, 0, 0, 'Available'),
    ('Others', '', '', '', 'Rear Shock Bush (Pulsar)', 35.0, 35.0, 10, 0, 0, 'Available'),
    ('Others', '', '', '', 'Wax', 120.0, 150.0, 10, 0, 0, 'Available'),
    ('Others', '', '', '', 'Distill Water', 15.0, 20.0, 0, 0, 0, 'Reorder'),
    ('Others', '', '', '', 'Acid', 50.0, 60.0, 0, 0, 0, 'Reorder'),
    ('Others', '', '', '', 'Shock Bush (Pulsar)', 35.0, 45.0, 10, 0, 0, 'Available'),
    ('Others', '', '', '', 'Front Brake Switch (Pul)', 100.0, 130.0, 20, 0, 0, 'Available'),
    ('Others', '', '', '', 'Rear Brakee Switch (FZ)', 130.0, 150.0, 10, 1, 0, 'Available'),
    ('Others', '', '', '', 'Rear Shock Bush (Dio)', 35.0, 45.0, 10, 0, 0, 'Available'),
    ('Acc Cable ', '', 'BAJAJ', '', 'Pulsar150', 140.0, 180.0, 15, 8, 0, 'Reorder'),
    ('Acc Cable ', '', 'BAJAJ', '', 'Pulsar 220', 140.0, 180.0, 20, 13, 0, 'Available'),
    ('Acc Cable ', '', 'BAJAJ', '', 'NS-200', 140.0, 180.0, 14, 7, 0, 'Available'),
    ('Acc Cable ', '', 'BAJAJ', '', 'Ns-200 FI', 200.0, 280.0, 5, 2, 0, 'Reorder'),
    ('Acc Cable ', '', 'BAJAJ', '', 'Avenger', 150.0, 180.0, 10, 5, 0, 'Available'),
    ('Acc Cable ', '', 'BAJAJ', '', 'Discover 100', 140.0, 180.0, 5, 0, 0, 'Available'),
    ('Acc Cable ', '', 'BAJAJ', '', 'Pul 180/Disc135/Pul OM', 140.0, 180.0, 7, 5, 0, 'Reorder'),
    ('Acc Cable ', '', 'BAJAJ', '', 'Pul 150 (ASK)', 155.0, 210.0, 0, 0, 0, 'Reorder'),
    ('Acc Cable ', '', 'BAJAJ', '', 'KB4S/CT-100', 170.0, 200.0, 4, 0, 0, 'Available'),
    ('Acc Cable ', '', 'HONDA', '', 'Unicorn/XTRM', 140.0, 180.0, 30, 22, 0, 'Available'),
    ('Acc Cable ', '', 'HONDA', '', 'Unicorn/XTRM (Superjit)', 180.0, 220.0, 10, 5, 0, 'Available'),
    ('Acc Cable ', '', 'HONDA', '', 'Shine', 140.0, 180.0, 20, 0, 0, 'Available'),
    ('Acc Cable ', '', 'HONDA', '', 'Hornet', 160.0, 200.0, 7, 1, 0, 'Available'),
    ('Acc Cable ', '', 'HONDA', '', 'Triger', 170.0, 210.0, 2, 0, 0, 'Reorder'),
    ('Acc Cable ', '', 'HONDA', '', 'Dio O/M', 210.0, 250.0, 6, 1, 0, 'Available'),
    ('Acc Cable ', '', 'HONDA', '', 'Dio (ASK)', 240.0, 280.0, 3, 0, 0, 'Reorder'),
    ('Acc Cable ', '', 'HONDA', '', 'Dio N/M', 210.0, 250.0, 12, 10, 0, 'Reorder'),
    ('Acc Cable ', '', 'HONDA', '', 'Grazzia', 200.0, 200.0, 5, 5, 0, 'Reorder'),
    ('Acc Cable ', '', 'HONDA', '', 'Grazzia ''B''', 200.0, 300.0, 5, 0, 0, 'Available'),
    ('Acc Cable ', '', 'HONDA', '', 'XR 150', 180.0, 240.0, 9, 2, 0, 'Available'),
    ('Acc Cable ', '', 'Yamaha', '', 'FZ 16/ FZS', 180.0, 220.0, 12, 6, 0, 'Available'),
    ('Acc Cable ', '', 'Yamaha', '', 'FZS(A)', 180.0, 220.0, 10, 4, 0, 'Available'),
    ('Acc Cable ', '', 'Yamaha', '', 'FZ V2 FI', 180.0, 220.0, 15, 5, 0, 'Available'),
    ('Acc Cable ', '', 'Yamaha', '', 'FZS V2 FI ''B''', 180.0, 220.0, 9, 4, 0, 'Available'),
    ('Acc Cable ', '', 'Yamaha', '', 'FZ250', 240.0, 280.0, 14, 4, 0, 'Available'),
    ('Acc Cable ', '', 'Yamaha', '', 'Gladiator/Enticer', 150.0, 190.0, 9, 4, 0, 'Available'),
    ('Acc Cable ', '', 'Yamaha', '', 'Libra/Alba', 150.0, 190.0, 4, 1, 0, 'Reorder'),
    ('Acc Cable ', '', 'Yamaha', '', 'R15', 190.0, 240.0, 7, 1, 0, 'Available'),
    ('Acc Cable ', '', 'Yamaha', '', 'R15 V2 (A+B)', 190.0, 240.0, 0, 0, 0, 'Reorder'),
    ('Acc Cable ', '', 'Yamaha', '', 'R15 V3', 190.0, 240.0, 4, 0, 0, 'Available'),
    ('Acc Cable ', '', 'Yamaha', '', 'Ray FI', 250.0, 300.0, 3, 1, 0, 'Reorder'),
    ('Acc Cable ', '', 'Yamaha', '', 'Ray 125 ST FI', 270.0, 320.0, 5, 3, 0, 'Reorder'),
    ('Acc Cable ', '', 'Yamaha', '', 'Ray (A)', 230.0, 280.0, 5, 0, 0, 'Available'),
    ('Acc Cable ', '', 'Yamaha', '', 'Ray (B)', 230.0, 280.0, 8, 2, 0, 'Available'),
    ('Acc Cable ', '', 'TVS', '', 'RTR (single)', 145.0, 190.0, 12, 1, 0, 'Available'),
    ('Acc Cable ', '', 'TVS', '', 'RTR (Double)', 145.0, 190.0, 6, 0, 0, 'Available'),
    ('Acc Cable ', '', 'TVS', '', 'RTR 200/Raider', 200.0, 280.0, 8, 5, 0, 'Reorder'),
    ('Acc Cable ', '', 'TVS', '', 'NTQR FI', 250.0, 300.0, 5, 5, 0, 'Reorder'),
    ('Acc Cable ', '', 'TVS', '', 'NTQR', 260.0, 300.0, 11, 7, 0, 'Available'),
    ('Acc Cable ', '', 'Hero', '', 'Splender (Hero Honda)', 140.0, 175.0, 14, 4, 0, 'Available'),
    ('Acc Cable ', '', 'Hero', '', 'Super Splender', 140.0, 175.0, 20, 6, 0, 'Available'),
    ('Acc Cable ', '', 'Hero', '', 'CBZ OM', 160.0, 200.0, 11, 3, 0, 'Available'),
    ('Acc Cable ', '', 'Hero', '', 'X-pluse', 180.0, 230.0, 12, 2, 0, 'Available'),
    ('Acc Cable ', '', 'Royal Enfield', '', 'Bullet (Double)', 190.0, 250.0, 5, 1, 0, 'Available'),
    ('Acc Cable ', '', 'Royal Enfield', '', 'Bullet (Single)', 150.0, 240.0, 9, 0, 0, 'Available'),
    ('Acc Cable ', '', 'Suzuki', '', 'Gixxer', 220.0, 260.0, 5, 1, 0, 'Available'),
    ('Acc Cable ', '', 'Suzuki', '', 'Aprillia', 300.0, 380.0, 5, 0, 0, 'Available'),
    ('Air Filter', '', 'BAJAJ', '', 'Pulsar 150 /220 OM (Bajaj)', 130.0, 200.0, 10, 10, 0, 'Reorder'),
    ('Air Filter', '', 'BAJAJ', '', 'Pulsar 150 /220 NM (Bajaj)', 130.0, 200.0, 10, 0, 0, 'Available'),
    ('Air Filter', '', 'BAJAJ', '', 'Pulsar 150/220 OM (36DK0015)', 180.0, 240.0, 10, 6, 0, 'Available'),
    ('Air Filter', '', 'BAJAJ', '', 'NS-200 FI/ NS-160', 235.0, 280.0, 6, 0, 0, 'Available'),
    ('Air Filter', '', 'BAJAJ', '', 'NS-200 (Non-FI)', 200.0, 250.0, 10, 2, 0, 'Available'),
    ('Air Filter', '', 'Honda', '', 'Unicorn OM', 180.0, 205.0, 7, 7, 0, 'Reorder'),
    ('Air Filter', '', 'Honda', '', 'Unicorn NM/ Hornet 160', 180.0, 205.0, 11, 6, 0, 'Available'),
    ('Air Filter', '', 'Honda', '', 'CBZ XTM', 170.0, 200.0, 15, 3, 0, 'Available'),
    ('Air Filter', '', 'Honda', '', 'Shine', 160.0, 200.0, 10, 9, 0, 'Reorder'),
    ('Air Filter', '', 'Honda', '', 'Pleasure', 165.0, 195.0, 5, 12, 0, 'Available'),
    ('Air Filter', '', 'Honda', '', 'Dio OM', 170.0, 220.0, 4, 4, 0, 'Reorder'),
    ('Air Filter', '', 'Honda', '', 'Dio NM', 210.0, 250.0, 16, 14, 0, 'Reorder'),
    ('Air Filter', '', 'Honda', '', 'Euro Filter (Dio NM)', 50.0, 80.0, 20, 8, 0, 'Available'),
    ('Air Filter', '', 'Honda', '', 'Grazzia (BS-6)/ Dio NM (BS-6)', 210.0, 260.0, 5, 3, 0, 'Reorder'),
    ('Air Filter', '', 'Honda', '', 'Grazzia(OM- BS4)', 210.0, 260.0, 8, 0, 0, 'Available'),
    ('Air Filter', '', 'Honda', '', 'XR 190', 310.0, 380.0, 5, 1, 0, 'Available'),
    ('Air Filter', '', 'Honda', '', 'XR 150', 295.0, 340.0, 9, 4, 0, 'Available'),
    ('Air Filter', '', 'Yamaha', '', 'Soluto', 250.0, 300.0, 1, 0, 0, 'Reorder'),
    ('Air Filter', '', 'Yamaha', '', 'FZ', 230.0, 280.0, 6, 2, 0, 'Available'),
    ('Air Filter', '', 'Yamaha', '', 'FZ V2', 200.0, 270.0, 10, 6, 0, 'Available'),
    ('Air Filter', '', 'Yamaha', '', 'FZ250', 280.0, 340.0, 5, 0, 0, 'Available'),
    ('Air Filter', '', 'Yamaha', '', 'Ray OM/ Fashino', 180.0, 230.0, 11, 3, 0, 'Available'),
    ('Air Filter', '', 'Yamaha', '', 'Ray NM', 215.0, 265.0, 7, 2, 0, 'Available'),
    ('Air Filter', '', 'TVS', '', 'RTR Non FI 200', 210.0, 240.0, 16, 6, 0, 'Available'),
    ('Air Filter', '', 'TVS', '', 'RTR FI', 240.0, 290.0, 2, 2, 0, 'Reorder'),
    ('Air Filter', '', 'TVS', '', 'RTR', 90.0, 130.0, 5, 1, 0, 'Available'),
    ('Air Filter', '', 'TVS', '', 'RTR NM', 200.0, 250.0, 5, 2, 0, 'Available'),
    ('Air Filter', '', 'TVS', '', 'Raider', 230.0, 290.0, 5, 0, 0, 'Available'),
    ('Air Filter', '', 'TVS', '', 'NTQR FI', 235.0, 290.0, 13, 1, 0, 'Available'),
    ('Air Filter', '', 'TVS', '', 'NTQR', 210.0, 295.0, 10, 0, 0, 'Available'),
    ('Air Filter', '', 'Hero', '', 'Splender (Hero Honda)', 115.0, 150.0, 11, 2, 0, 'Available'),
    ('Air Filter', '', 'Hero', '', 'X-pluse', 280.0, 350.0, 10, 0, 0, 'Available'),
    ('Air Filter', '', 'Hero', '', 'CBZ', 130.0, 180.0, 3, 0, 0, 'Available'),
    ('Air Filter', '', 'Hero', '', 'Super Splender', 180.0, 250.0, 8, 4, 0, 'Available'),
    ('Air Filter', '', 'Royal Enfield', '', 'Bullet', 240.0, 350.0, 5, 3, 0, 'Reorder'),
    ('Air Filter', '', 'Suzuki', '', 'Gixxer', 235.0, 285.0, 10, 3, 0, 'Available'),
    ('Air Filter', '', 'Suzuki', '', 'Aprilla', 270.0, 335.0, 10, 0, 0, 'Available'),
    ('Brake Shoe ', '', 'ABS', '', 'Pulsar', 155.0, 200.0, 17, 10, 0, 'Available'),
    ('Brake Shoe ', '', 'ABS', '', 'Sup-Spl/Uni/SHN/Dio/Passion/Aviator', 170.0, 220.0, 29, 13, 0, 'Available'),
    ('Brake Shoe ', '', 'ABS', '', 'Splender (Front)', 155.0, 185.0, 10, 0, 0, 'Available'),
    ('Brake Shoe ', '', 'ABS', '', 'FZ', 275.0, 340.0, 10, 9, 0, 'Reorder'),
    ('Brake Shoe ', '', 'ABS', '', 'KB4S/CT-100/Caliber', 145.0, 175.0, 4, 4, 0, 'Reorder'),
    ('Brake Shoe ', '', 'ABS', '', 'RX-100', 155.0, 185.0, 9, 7, 0, 'Reorder'),
    ('Brake Shoe ', '', 'ABS', '', 'Hero Honda/Spl/XR-190/XR-150 (Rear)', 135.0, 185.0, 5, 5, 0, 'Reorder'),
    ('Brake Shoe ', '', 'ASK', '', 'Pulsar', 220.0, 260.0, 0, 0, 0, 'Reorder'),
    ('Brake Shoe ', '', 'ASK', '', 'Shine/Sup-Spl/Uni', 250.0, 290.0, 0, 0, 0, 'Reorder'),
    ('Brake Shoe ', '', 'ASK', '', 'FZ', 330.0, 380.0, 2, 2, 0, 'Reorder'),
    ('Brake Shoe ', '', 'ASK', '', 'Ray', 425.0, 470.0, 5, 1, 0, 'Available'),
    ('Brake Shoe ', '', 'ASK', '', 'Gixxer/NTRQ/ SAM', 245.0, 285.0, 3, 2, 0, 'Reorder'),
    ('Brake Shoe ', '', 'ASK', '', 'RX', 230.0, 270.0, 0, 0, 0, 'Reorder'),
    ('Brake Shoe ', '', 'ASK', '', 'HH/XR-190/XR-150', 210.0, 260.0, 0, 0, 0, 'Reorder'),
    ('Brake Shoe ', '', 'ASK', '', 'Bullet', 430.0, 490.0, 0, 0, 0, 'Reorder'),
    ('Brake Shoe ', '', 'Superjit', '', 'Pulsar', 200.0, 250.0, 30, 7, 0, 'Available'),
    ('Brake Shoe ', '', 'Superjit', '', 'Bullet', 330.0, 400.0, 6, 1, 0, 'Available'),
    ('Brake Shoe ', '', 'Superjit', '', 'Suzuki', 320.0, 400.0, 5, 0, 0, 'Available'),
    ('Brake Shoe ', '', 'Superjit', '', 'RX-100', 210.0, 270.0, 20, 18, 0, 'Reorder'),
    ('Brake Shoe ', '', 'Superjit', '', 'Super-Splender', 230.0, 300.0, 30, 11, 0, 'Available'),
    ('Brake Shoe ', '', 'Superjit', '', 'Splender', 200.0, 280.0, 20, 5, 0, 'Available'),
    ('Brake Shoe ', '', 'Superjit', '', 'Hero Honda/CD 100', 190.0, 230.0, 20, 0, 0, 'Available'),
    ('Brake Shoe ', '', 'Superjit', '', 'FZ', 350.0, 480.0, 38, 3, 0, 'Available'),
    ('Brake Shoe ', '', 'Superjit', '', 'NTRQ/ SAM', 250.0, 320.0, 25, 11, 0, 'Available'),
    ('Brake Shoe ', '', 'Superjit', '', 'KB4S', 200.0, 250.0, 5, 2, 0, 'Available'),
    ('Bearing ', '', 'H/F', '', '6200.0', 45.0, 70.0, 21, 9, 0, 'Available'),
    ('Bearing ', '', 'H/F', '', '6201.0', 45.0, 70.0, 28, 6, 0, 'Available'),
    ('Bearing ', '', 'H/F', '', '6202.0', 50.0, 80.0, 32, 15, 0, 'Available'),
    ('Bearing ', '', 'H/F', '', '6203.0', 65.0, 85.0, 30, 14, 0, 'Available'),
    ('Bearing ', '', 'H/F', '', '6204.0', 130.0, 150.0, 26, 2, 0, 'Available'),
    ('Bearing ', '', 'H/F', '', '6205.0', 130.0, 200.0, 13, 0, 0, 'Available'),
    ('Bearing ', '', 'H/F', '', '6300.0', 50.0, NULL, 24, 19, 0, 'Reorder'),
    ('Bearing ', '', 'H/F', '', '6301.0', 55.0, 80.0, 40, 19, 0, 'Available'),
    ('Bearing ', '', 'H/F', '', '6302.0', 75.0, 100.0, 46, 6, 0, 'Available'),
    ('Bearing ', '', 'H/F', '', '6303.0', 150.0, 250.0, 10, 2, 0, 'Available'),
    ('Bearing ', '', 'H/F', '', '6004.0', 75.0, NULL, 50, 17, 0, 'Available'),
    ('Bearing ', '', 'H/F', '', '6005.0', 80.0, NULL, 40, 22, 0, 'Available'),
    ('Bearing ', '', 'H/F', '', '6201.0', 65.0, 100.0, 30, 21, 0, 'Available'),
    ('Bearing ', '', 'Pollysu', '', '6202.0', 75.0, 100.0, 42, 24, 0, 'Available'),
    ('Bearing ', '', 'Pollysu', '', '6203.0', 85.0, 100.0, 10, 6, 0, 'Reorder'),
    ('Bearing ', '', 'Pollysu', '', '6204.0', 150.0, 200.0, 20, 0, 0, 'Available'),
    ('Bearing ', '', 'Pollysu', '', '6205.0', 135.0, 180.0, 10, 0, 0, 'Available'),
    ('Bearing ', '', 'Pollysu', '', '6301.0', 75.0, 100.0, 40, 12, 0, 'Available'),
    ('Bearing ', '', 'Pollysu', '', '6302.0', 85.0, NULL, 30, 14, 0, 'Available'),
    ('Bearing ', '', 'Pollysu', '', '6004.0', 85.0, 120.0, 30, 12, 0, 'Available'),
    ('Bearing ', '', 'Pollysu', '', '6005.0', 95.0, 120.0, 25, 14, 0, 'Available'),
    ('Bearing ', '', 'Mgf', '', '6202.0', 115.0, 2.0, 10, 10, 0, 'Reorder'),
    ('Bearing ', '', 'Mgf', '', '6203.0', 110.0, NULL, 1, 1, 0, 'Reorder'),
    ('Brake Cable-BrakeYoke ', '', 'BAJAJ', '', 'Discover/Pulsar OM', 150.0, 210.0, 8, 0, 0, 'Available'),
    ('Brake Cable-BrakeYoke ', '', 'HONDA', '', 'Spl/Sup-spl/SHN/Twister', 150.0, 210.0, 11, 8, 0, 'Available'),
    ('Brake Cable-BrakeYoke ', '', 'HONDA', '', 'Dio NM (Front-LH)', 210.0, 260.0, 6, 6, 0, 'Reorder'),
    ('Brake Cable-BrakeYoke ', '', 'HONDA', '', 'Dio NM (Fornt-RH)', 210.0, 260.0, 7, 2, 0, 'Available'),
    ('Brake Cable-BrakeYoke ', '', 'HONDA', '', 'Dio NM (Rear)', 210.0, 260.0, 6, 4, 0, 'Reorder'),
    ('Brake Cable-BrakeYoke ', '', 'HONDA', '', 'Dio OM (Front)', 210.0, 260.0, 8, 8, 0, 'Reorder'),
    ('Brake Cable-BrakeYoke ', '', 'HONDA', '', 'Dio OM (Rear)', 210.0, 260.0, 3, 1, 0, 'Reorder'),
    ('Brake Cable-BrakeYoke ', '', 'HONDA', '', 'Dio (ASK)', 215.0, 265.0, 3, 0, 0, 'Available'),
    ('Brake Cable-BrakeYoke ', '', 'HONDA', '', 'Deuro', 210.0, 260.0, 2, 0, 0, 'Reorder'),
    ('Brake Cable-BrakeYoke ', '', 'YAMAHA', '', 'Libero', 250.0, 300.0, 3, 3, 0, 'Reorder'),
    ('Brake Cable-BrakeYoke ', '', 'YAMAHA', '', 'YBX', 250.0, 300.0, 5, 1, 0, 'Available'),
    ('Brake Cable-BrakeYoke ', '', 'YAMAHA', '', 'Ray (Front)', 210.0, 260.0, 5, 0, 0, 'Available'),
    ('Brake Cable-BrakeYoke ', '', 'YAMAHA', '', 'Ray (Rear)', 310.0, 390.0, 6, 0, 0, 'Available'),
    ('Brake Cable-BrakeYoke ', '', 'TVS', '', 'NTRQ (Front-LH)', 250.0, 320.0, 7, 0, 0, 'Available'),
    ('Brake Cable-BrakeYoke ', '', 'TVS', '', 'NTRQ (Front-RH)', 250.0, 290.0, 6, 3, 0, 'Available'),
    ('Brake Cable-BrakeYoke ', '', 'TVS', '', 'NTRQ (Rear)', 300.0, 350.0, 7, 2, 0, 'Available'),
    ('Brake Cable-BrakeYoke ', '', 'TVS', '', 'Aprillia (Front)', 300.0, 380.0, 5, 0, 0, 'Available'),
    ('Brake Cable-BrakeYoke ', '', 'TVS', '', 'Aprillia (Rear)', 330.0, 400.0, 4, 1, 0, 'Available'),
    ('Brake Cable-BrakeYoke ', '', 'Brake Yoke', '', 'Bike Name', NULL, NULL, 0, 0, 0, 'Status'),
    ('Brake Cable-BrakeYoke ', '', 'Brake Yoke', '', 'UG4/Pulsar/Discover', 100.0, 150.0, 9, 0, 0, 'Available'),
    ('Brake Cable-BrakeYoke ', '', 'Brake Yoke', '', 'UG3/Pulsar/Discover', 100.0, 150.0, 8, 0, 0, 'Available'),
    ('Brake Cable-BrakeYoke ', '', 'Brake Yoke', '', 'Dio NM', 240.0, 300.0, 5, 1, 0, 'Available'),
    ('Brake Cable-BrakeYoke ', '', 'Brake Yoke', '', 'Dio OM', 200.0, 250.0, 5, 1, 0, 'Available'),
    ('Brake Cable-BrakeYoke ', '', 'Brake Yoke', '', 'FZ/RX', 100.0, 150.0, 16, 2, 0, 'Available'),
    ('Brake Cable-BrakeYoke ', '', 'Brake Yoke', '', 'Ray/Ray ZR/Ray Z', 125.0, 250.0, 4, 0, 0, 'Available'),
    ('Brake Cable-BrakeYoke ', '', 'Brake Yoke', '', 'HH/Spl', 100.0, 150.0, 12, 7, 0, 'Available'),
    ('Brake Cable-BrakeYoke ', '', 'Brake Yoke', '', 'Shine', 100.0, 150.0, 14, 8, 0, 'Available'),
    ('Brake Pad-Disk Pad', '', '', '', 'Pulsar/220/ NS-200/FZ/Gladiator/R15V3/Bullet/ Enticer (Front)', 90.0, 150.0, 20, 10, 0, 'Available'),
    ('Brake Pad-Disk Pad', '', '', '', 'Pulsar/220/ NS-200/FZ/Gladiator/R15V3/Enticer (Fron-Superjit)', 150.0, 205.0, 26, 7, 0, 'Available'),
    ('Brake Pad-Disk Pad', '', '', '', 'Pulsar/220/ NS-200 (Rear)', 90.0, 150.0, 20, 3, 0, 'Available'),
    ('Brake Pad-Disk Pad', '', '', '', 'Pulsar/220/NS-200 (Rear- ASK)', 150.0, 200.0, 15, 14, 0, 'Reorder'),
    ('Brake Pad-Disk Pad', '', '', '', 'Pulsar/220/NS-200 (Rear- Superjit)', 150.0, 200.0, 20, 9, 0, 'Available'),
    ('Brake Pad-Disk Pad', '', '', '', 'Pulsar NM/220-NM/Twin-Disk (Rear)', 100.0, 150.0, 20, 14, 0, 'Available'),
    ('Brake Pad-Disk Pad', '', '', '', 'Pulsar NM/220-NM/Twin-Disk (Rear-Superjit)', 150.0, 200.0, 20, 2, 0, 'Available'),
    ('Brake Pad-Disk Pad', '', '', '', 'Pulsar (O.Disk)', 130.0, 180.0, 4, 0, 0, 'Reorder'),
    ('Brake Pad-Disk Pad', '', '', '', 'Unicorn/ Gixxer/ShineNM (Front)', 100.0, 150.0, 20, 7, 0, 'Available'),
    ('Brake Pad-Disk Pad', '', '', '', 'Shine OM (Front)', 90.0, 150.0, 14, 3, 0, 'Available'),
    ('Brake Pad-Disk Pad', '', '', '', 'Grazzia', 120.0, 180.0, 9, 0, 0, 'Available'),
    ('Brake Pad-Disk Pad', '', '', '', 'Soluto/SZR/Ray Z/FZ OM(Rear)', 95.0, 150.0, 30, 3, 0, 'Available'),
    ('Brake Pad-Disk Pad', '', '', '', 'FZ250/FZV2/V3 (Rear)', 100.0, 170.0, 10, 2, 0, 'Available'),
    ('Brake Pad-Disk Pad', '', '', '', 'FZ 250 rear (Superjit)', 150.0, 200.0, 33, 7, 0, 'Available'),
    ('Brake Pad-Disk Pad', '', '', '', 'CBZ/RTR-series/X-pluse/Impluse (Front-Superjit)', 150.0, 200.0, 20, 1, 0, 'Available'),
    ('Brake Pad-Disk Pad', '', '', '', 'CBZ/RTR-series/X-pluse/Impluse (Front)', 95.0, 150.0, 15, 4, 0, 'Available'),
    ('Brake Pad-Disk Pad', '', '', '', 'RTR-series/X-pluse/Impluse (Rear-Superjit)', 150.0, 200.0, 10, 8, 0, 'Reorder'),
    ('Brake Pad-Disk Pad', '', '', '', 'RTR-series (Rear)', 95.0, 150.0, 14, 0, 0, 'Available'),
    ('Brake Pad-Disk Pad', '', '', '', 'Dazzler/ Unicorn/Gixxer/Xpluse (Rear-Superjit)', 150.0, 200.0, 10, 0, 0, 'Available'),
    ('Brake Pad-Disk Pad', '', '', '', 'Dazzler/ Unicorn/Gixxer/Xpluse (Rear)', 95.0, 150.0, 7, 1, 0, 'Available'),
    ('Brake Pad-Disk Pad', '', '', '', 'R15 (Front)', 95.0, 150.0, 8, 0, 0, 'Available'),
    ('Brake Pad-Disk Pad', '', '', '', 'R15(Rear)/Xtrm double disk (Rear)', 95.0, 150.0, 7, 6, 0, 'Reorder'),
    ('Brake Pad-Disk Pad', '', '', '', 'R15/Xtrm double disk (Rear-Superjit)', 150.0, 200.0, 10, 3, 0, 'Available'),
    ('Brake Pad-Disk Pad', '', '', '', 'NTRQ/Jupiter (Superjit)', 155.0, 205.0, 7, 4, 0, 'Reorder'),
    ('Brake Pad-Disk Pad', '', '', '', 'XR/XL', 100.0, 180.0, 9, 6, 0, 'Reorder'),
    ('Brake Pad-Disk Pad', '', '', '', 'GN', 110.0, 160.0, 2, 0, 0, 'Reorder'),
    ('Brake Pad-Disk Pad', '', '', '', 'Vespa', 150.0, 200.0, 0, 0, 0, 'Reorder'),
    ('Brake Pad-Disk Pad', '', '', '', 'Gixxer (Sasto- RR)', 100.0, 150.0, 8, 8, 0, 'Reorder'),
    ('Brake Pad-Disk Pad', '', '', '', 'Aprilla/ Gixxer (Superjit- FR)', 150.0, 200.0, 9, 1, 0, 'Available'),
    ('Brake Pad-Disk Pad', '', '', '', 'Beneli', 175.0, 235.0, 0, 0, 0, 'Reorder'),
    ('Brake Pad-Disk Pad', '', '', '', 'NTRQ (Sasto ma)', 120.0, 150.0, 15, 0, 0, 'Available'),
    ('Brake Pad-Disk Pad', '', '', '', 'Shine/Hornet NM (Front- Superjit)', 150.0, 200.0, 10, 2, 0, 'Available'),
    ('Brake Pad-Disk Pad', '', '', '', 'GS', 150.0, 200.0, 9, 1, 0, 'Available'),
    ('Brake Pad-Disk Pad', '', '', '', 'Grazzia/Activa', 120.0, 200.0, 20, 0, 0, 'Available'),
    ('Brake Pad-Disk Pad', '', '', '', 'Duke Front', 200.0, 250.0, 5, 0, 0, 'Reorder'),
    ('Brake Pad-Disk Pad', '', '', '', 'Cross Fire', 250.0, 300.0, 3, 0, 0, 'Reorder'),
    ('Brake Paddle-Brake Rod', '', '', '', 'Pulsar 150/180', 330.0, 400.0, 2, 0, 0, 'Available'),
    ('Brake Paddle-Brake Rod', '', '', '', 'Pulsar 220', 400.0, 500.0, 7, 0, 0, 'Available'),
    ('Brake Paddle-Brake Rod', '', '', '', 'Unicorn', 320.0, 375.0, 2, 0, 0, 'Available'),
    ('Brake Paddle-Brake Rod', '', '', '', 'YBX/YBR', 320.0, 375.0, 0, 0, 0, 'Reorder'),
    ('Brake Paddle-Brake Rod', '', '', '', 'Shine', 320.0, 375.0, 0, 0, 0, 'Reorder'),
    ('Brake Paddle-Brake Rod', '', '', '', 'Splender', 320.0, 375.0, 1, 0, 0, 'Available'),
    ('Brake Paddle-Brake Rod', '', '', '', 'Brake Rod', NULL, NULL, 0, 0, 0, ''),
    ('Brake Paddle-Brake Rod', '', '', '', 'Bike Names', NULL, NULL, 0, 0, 0, 'Status'),
    ('Brake Paddle-Brake Rod', '', '', '', 'Pulsar', 120.0, 160.0, 10, 2, 0, 'Available'),
    ('Brake Paddle-Brake Rod', '', '', '', 'Splender', 120.0, 150.0, 11, 1, 0, 'Available'),
    ('Brake Paddle-Brake Rod', '', '', '', 'Shine', 120.0, 150.0, 7, 3, 0, 'Available'),
    ('Brake Paddle-Brake Rod', '', '', '', 'FZ', 120.0, 160.0, 9, 1, 0, 'Available'),
    ('Brake Paddle-Brake Rod', '', '', '', 'Unicorn', 150.0, 200.0, 10, 3, 0, 'Available'),
    ('Brake Paddle-Brake Rod', '', '', '', 'XTM', 150.0, 200.0, 8, 2, 0, 'Available'),
    ('Brake Paddle-Brake Rod', '', '', '', 'RTR', 150.0, 200.0, 4, 3, 0, 'Reorder'),
    ('Chainkit', '', 'Bajaj', '', 'Pulsar 150', NULL, NULL, 4, 2, 0, 'Available'),
    ('Chainkit', '', 'Bajaj', '', 'Pulsar 150 Twin Disk', NULL, NULL, 2, 0, 0, 'Available'),
    ('Chainkit', '', 'Bajaj', '', 'Pulsar 220', NULL, NULL, 2, 2, 0, 'Reorder'),
    ('Chainkit', '', 'Bajaj', '', 'NS 200', NULL, NULL, 1, 0, 0, 'Available'),
    ('Chainkit', '', 'Bajaj', '', 'Avenger 220', NULL, NULL, 1, 0, 0, 'Available'),
    ('Chainkit', '', 'Bajaj', '', 'Avenger 150 Street', NULL, NULL, 1, 0, 0, 'Available'),
    ('Chainkit', '', 'Bajaj', '', 'Discover 100', NULL, NULL, 1, 0, 0, 'Available'),
    ('Chainkit', '', 'Bajaj', '', 'Discover 125 ST', NULL, NULL, 1, 0, 0, 'Available'),
    ('Chainkit', '', 'Bajaj', '', 'Discover UPG/135', NULL, NULL, 1, 0, 0, 'Available'),
    ('Chainkit', '', 'Bajaj', '', 'Discover 150', NULL, NULL, 1, 0, 0, 'Available'),
    ('Chainkit', '', 'Yamaha', '', 'FZ', NULL, NULL, 1, 1, 0, 'Reorder'),
    ('Chainkit', '', 'Yamaha', '', 'FZ V2/V3, rear disc', NULL, NULL, 4, 0, 0, 'Available'),
    ('Chainkit', '', 'Yamaha', '', 'FZ 250', NULL, NULL, 1, 0, 0, 'Available'),
    ('Chainkit', '', 'Yamaha', '', 'MT 15', NULL, NULL, 2, 0, 0, 'Available'),
    ('Chainkit', '', 'Yamaha', '', 'R15 V3', NULL, NULL, 1, 0, 0, 'Available'),
    ('Chainkit', '', 'Yamaha', '', 'R15 V1', NULL, NULL, 1, 0, 0, 'Available'),
    ('Chainkit', '', 'Yamaha', '', 'Gladiator', NULL, NULL, 2, 1, 0, 'Available'),
    ('Chainkit', '', 'Yamaha', '', 'SZR', NULL, NULL, 1, 0, 0, 'Available'),
    ('Chainkit', '', 'Yamaha', '', 'Enticer', NULL, NULL, 2, 1, 0, 'Available'),
    ('Chainkit', '', 'Yamaha', '', 'Alba/Libero', NULL, NULL, 1, 0, 0, 'Available'),
    ('Chainkit', '', 'Honda', '', 'Unicorn/CBZ XTM', NULL, NULL, 4, 2, 0, 'Available'),
    ('Chainkit', '', 'Honda', '', 'Unicorn 160', NULL, NULL, 1, 0, 0, 'Available'),
    ('Chainkit', '', 'Honda', '', 'Shine', NULL, NULL, 2, 1, 0, 'Available'),
    ('Chainkit', '', 'Honda', '', 'Hornet', NULL, NULL, 1, 0, 0, 'Available'),
    ('Chainkit', '', 'Honda', '', 'IMPLUSE/XR 150', NULL, NULL, 1, 0, 0, 'Available'),
    ('Chainkit', '', 'Hero', '', 'Splender', NULL, NULL, 2, 0, 0, 'Available'),
    ('Chainkit', '', 'Hero', '', 'Super Splender', NULL, NULL, 2, 1, 0, 'Available'),
    ('Chainkit', '', 'Hero', '', 'X-pluse 200', NULL, NULL, 1, 1, 0, 'Reorder'),
    ('Chainkit', '', 'Hero', '', 'Hornet', NULL, NULL, 2, 0, 0, 'Available'),
    ('Chainkit', '', 'TVS', '', 'RTR 160 4V', NULL, NULL, 1, 0, 0, 'Available'),
    ('Chainkit', '', 'TVS', '', 'RTR 180/160 OM', NULL, NULL, 1, 0, 0, 'Available'),
    ('Chainkit', '', 'TVS', '', 'Raidar', NULL, NULL, 1, 0, 0, 'Available'),
    ('Chainkit', '', 'TVS', '', 'RTR 200', NULL, NULL, 1, 0, 0, 'Available'),
    ('Chainkit', '', 'SUZUKI', '', 'Gixxer', NULL, NULL, 1, 0, 0, 'Available'),
    ('Chainkit', '', 'SUZUKI', '', 'KTM 200', NULL, NULL, 1, 0, 0, 'Available'),
    ('Chainkit', '', 'SUZUKI', '', 'KTM 200  (6-Holes)', NULL, NULL, 1, 0, 0, 'Available'),
    ('Clutch Plate', '', 'Endurance', '', 'UG3/FZ', 415.0, 550.0, 5, 2, 0, 'Available'),
    ('Clutch Plate', '', 'Endurance', '', 'UG4', 490.0, 600.0, 10, 3, 0, 'Available'),
    ('Clutch Plate', '', 'Endurance', '', 'Pulsar 220', 495.0, 600.0, 5, 5, 0, 'Reorder'),
    ('Clutch Plate', '', 'Endurance', '', 'SHN (4 Plates)', 415.0, 550.0, 5, 5, 0, 'Reorder'),
    ('Clutch Plate', '', 'Endurance', '', 'Uni/RTR/Hornet/NS-200/UG6/Pul NM/AS/X-plus (5 Plates)', 430.0, 600.0, 5, 0, 0, 'Available'),
    ('Clutch Plate', '', 'Endurance', '', 'KB4S/CT-100', 390.0, 490.0, 3, 1, 0, 'Reorder'),
    ('Clutch Plate', '', 'Endurance', '', 'CBZ/HH Ambition', 380.0, 480.0, 2, 1, 0, 'Reorder'),
    ('Clutch Plate', '', 'Endurance', '', 'RX-100/Gladiator/Enticer', 500.0, 650.0, 5, 3, 0, 'Reorder'),
    ('Clutch Plate', '', 'Endurance', '', 'Dis 135 (5 plate)', 450.0, 550.0, 5, 0, 0, 'Available'),
    ('Clutch Plate', '', 'Endurance', '', 'Gixxer', 415.0, 550.0, 3, 3, 0, 'Reorder'),
    ('Clutch Plate', '', 'Endurance', '', 'Super Splender', 420.0, 550.0, 2, 0, 0, 'Reorder'),
    ('Clutch Plate', '', 'F.C.C.', '', 'Gixxer', 415.0, 550.0, 1, 0, 0, 'Reorder'),
    ('Clutch Plate', '', 'F.C.C.', '', 'NS 200', 1410.0, 1500.0, 3, 0, 0, 'Available'),
    ('Clutch Plate', '', 'F.C.C.', '', 'FZ', 900.0, 1150.0, 2, 1, 0, 'Reorder'),
    ('Clutch Plate', '', 'F.C.C.', '', 'Pulsar 220', 1410.0, 1550.0, 2, 1, 0, 'Reorder'),
    ('Clutch Plate', '', 'F.C.C.', '', 'UG3/FZ', 1050.0, 1200.0, 2, 1, 0, 'Reorder'),
    ('Clutch Plate', '', 'F.C.C.', '', 'UG4', 1050.0, 1200.0, 2, 0, 0, 'Reorder'),
    ('Clutch Plate', '', 'F.C.C.', '', 'UG6', 1070.0, 1200.0, 2, 0, 0, 'Reorder'),
    ('Clutch Plate', '', 'F.C.C.', '', 'KB4S/CT-100', 420.0, 500.0, 2, 2, 0, 'Reorder'),
    ('Clutch Plate', '', 'F.C.C.', '', 'Hornet', 950.0, 1100.0, 2, 1, 0, 'Reorder'),
    ('Clutch Plate', '', 'F.C.C.', '', 'RTR/Uni', 900.0, 1100.0, 5, 1, 0, 'Available'),
    ('Clutch Plate', '', 'F.C.C.', '', 'Splender', 450.0, 700.0, 3, 3, 0, 'Reorder'),
    ('Clutch Plate', '', 'F.C.C.', '', 'Super Splender', 900.0, 1050.0, 2, 1, 0, 'Reorder'),
    ('Clutch Plate', '', 'Honda', '', 'Unicorn', 450.0, 600.0, 4, 4, 0, 'Reorder'),
    ('Clutch Plate', '', 'Honda', '', 'Bullet 350+ Pressure Plate', 1550.0, 2000.0, 1, 0, 0, 'Reorder'),
    ('Clutch Plate', '', 'ASK', '', 'Unicorn/RTR', 450.0, 550.0, 3, 1, 0, 'Reorder'),
    ('Clutch Plate', '', 'ASK', '', 'Super Splender', 430.0, 550.0, 2, 0, 0, 'Reorder'),
    ('Clutch Plate', '', 'ASK', '', 'UG4', 450.0, 550.0, 7, 6, 0, 'Reorder'),
    ('Clutch Plate', '', 'ASK', '', 'Gixxer (HYB)', 480.0, 600.0, 4, 0, 0, 'Available'),
    ('Came Chain-Came Chain exchauste', '', '', '', 'Pulsar 220/Avenger  (100-2 Link)', 400.0, 550.0, 4, 2, 0, 'Available'),
    ('Came Chain-Came Chain exchauste', '', '', '', 'Pulsar 150 (98 Link)', 330.0, 500.0, 5, 3, 0, 'Available'),
    ('Came Chain-Came Chain exchauste', '', '', '', 'Discover (94 Link)', 350.0, 500.0, 3, 0, 0, 'Available'),
    ('Came Chain-Came Chain exchauste', '', '', '', 'CBZ XTM/Hunk/Uni/Impluse', 550.0, 680.0, 3, 3, 0, 'Reorder'),
    ('Came Chain-Came Chain exchauste', '', '', '', 'Splender/Spl-Plus/Passion-Pro (84 Link)', 360.0, 550.0, 1, 1, 0, 'Reorder'),
    ('Came Chain-Came Chain exchauste', '', '', '', 'FZ/GSR 150/FZS/Fazar 150/Gladiator/SZR/SZ', 550.0, 680.0, 4, 2, 0, 'Available'),
    ('Came Chain-Came Chain exchauste', '', '', '', 'Super-Splender', 430.0, 550.0, 4, 0, 0, 'Available'),
    ('Came Chain-Came Chain exchauste', '', '', '', 'Dio OM/Pleasure/Activa (86-2 Link)', 330.0, 550.0, 3, 2, 0, 'Reorder'),
    ('Came Chain-Came Chain exchauste', '', '', '', 'Dio OM/Pleasure/Activa (86-2 Link)', 330.0, 550.0, 4, 1, 0, 'Available'),
    ('Came Chain-Came Chain exchauste', '', '', '', 'Dio OM/Pleasure/Activa (86-2 Link)', 330.0, 550.0, 4, 1, 0, 'Available'),
    ('Came Chain-Came Chain exchauste', '', '', '', 'Dio OM/Pleasure/Activa (86-2 Link)', 330.0, 550.0, 4, 1, 0, 'Available'),
    ('Came Chain-Came Chain exchauste', '', '', '', 'Dio NM/Pleasure/Activa (90-2 Link)', 330.0, 550.0, 5, 0, 0, 'Available'),
    ('Came Chain-Came Chain exchauste', '', '', '', 'Shine (94-2 Link)', 300.0, 400.0, 8, 2, 0, 'Available'),
    ('Came Chain-Came Chain exchauste', '', '', '', 'Apachi RTR 200/NS 200/X-pluse)', 700.0, 800.0, 3, 0, 0, 'Available'),
    ('Came Chain-Came Chain exchauste', '', '', '', 'Apachi RTR 160/180 OM (94-2 Link)', 770.0, 850.0, 3, 2, 0, 'Reorder'),
    ('Came Chain-Came Chain exchauste', '', '', '', 'YBX/Enitcer', 485.0, 585.0, 2, 1, 0, 'Reorder'),
    ('Came Chain-Came Chain exchauste', '', '', '', 'Hornet/Unicorn 160', 600.0, 700.0, 2, 1, 0, 'Reorder'),
    ('Came Chain-Came Chain exchauste', '', '', '', 'Karizma (104 Link)', 600.0, 685.0, 2, 0, 0, 'Available'),
    ('Came Chain-Came Chain exchauste', '', '', '', 'CBZ/Gixxer', 600.0, 700.0, 2, 0, 0, 'Available'),
    ('Came Chain-Came Chain exchauste', '', '', '', 'Came Chain Exchauster', NULL, NULL, 0, 0, 0, ''),
    ('Came Chain-Came Chain exchauste', '', '', '', 'Bike Names', NULL, NULL, 0, 0, 0, 'Status'),
    ('Came Chain-Came Chain exchauste', '', '', '', 'Pulsar series (Bajaj Packing)', 300.0, 500.0, 13, 9, 0, 'Available'),
    ('Came Chain-Came Chain exchauste', '', '', '', 'Shine/Unicorn/XTM (Honda  Packing)', 300.0, 350.0, 7, 4, 0, 'Available'),
    ('Came Chain-Came Chain exchauste', '', '', '', 'FZ (Yamaha Packing)', 300.0, 350.0, 6, 0, 0, 'Available'),
    ('Came Chain-Came Chain exchauste', '', '', '', 'RTR', 300.0, 460.0, 7, 2, 0, 'Available'),
    ('Came Chain-Came Chain exchauste', '', '', '', 'Gixxer', 285.0, 380.0, 3, 0, 0, 'Available'),
    ('Came Chain-Came Chain exchauste', '', '', '', 'Came Chain Set (Spl)', 650.0, 750.0, 3, 0, 0, 'Available'),
    ('Cone Bearing ', '', 'Mebesto', '', 'Pulsar 150', 350.0, 450.0, 6, 0, 0, 'Available'),
    ('Cone Bearing ', '', 'Mebesto', '', 'Pulsar 220/Avenger/NS 200', 400.0, 600.0, 5, 2, 0, 'Available'),
    ('Cone Bearing ', '', 'Mebesto', '', 'Unicorn/Sup-Spl/ Shine/X-pluse', 400.0, 600.0, 3, 3, 0, 'Reorder'),
    ('Cone Bearing ', '', 'Mebesto', '', 'FZ/FZS/SZR/Eniter/YBX', 400.0, 600.0, 8, 1, 0, 'Available'),
    ('Cone Bearing ', '', 'Mebesto', '', 'Dio NM', 400.0, 600.0, 3, 1, 0, 'Reorder'),
    ('Cone Bearing ', '', 'Mebesto', '', 'RTR 160/180', 390.0, 520.0, 2, 2, 0, 'Reorder'),
    ('Cone Bearing ', '', 'Mebesto', '', 'RTR 200', 500.0, 650.0, 3, 1, 0, 'Reorder'),
    ('Cone Bearing ', '', 'Mebesto', '', 'Pleasure/Dio OM', 365.0, 480.0, 0, 0, 0, 'Reorder'),
    ('Cone Bearing ', '', 'Others', '', 'Discover', 290.0, 390.0, 3, 0, 0, 'Available'),
    ('Cone Bearing ', '', 'Others', '', 'Pulsar 150', 280.0, 380.0, 2, 0, 0, 'Reorder'),
    ('Cone Bearing ', '', 'Others', '', 'Pulsar 220', 280.0, 380.0, 2, 0, 0, 'Reorder'),
    ('Cone Bearing ', '', 'Others', '', 'Splender', 310.0, 430.0, 4, 2, 0, 'Reorder'),
    ('Cone Bearing ', '', 'Others', '', 'Shine/Unicorn', 310.0, 430.0, 0, 0, 0, 'Reorder'),
    ('Cone Bearing ', '', 'Others', '', 'FZ/FZS/SZR/Eniter/YBX', 350.0, 480.0, 0, 0, 0, 'Reorder'),
    ('Cone Bearing ', '', 'Others', '', 'Unicorn/Sup-Spl (ABN)', 400.0, 550.0, 0, 0, 0, 'Reorder'),
    ('Cone Bearing ', '', 'Others', '', 'Unicorn/Sup-Spl', 310.0, 430.0, 2, 0, 0, 'Reorder'),
    ('Cone Bearing ', '', 'Others', '', 'Gixxer', 400.0, 550.0, 2, 1, 0, 'Reorder'),
    ('Cone Bearing ', '', 'Others', '', 'RTR 200 (RMP)', 390.0, 500.0, 1, 1, 0, 'Reorder'),
    ('Cone Bearing ', '', 'Others', '', 'RTR (160/180)', 385.0, 485.0, 1, 1, 0, 'Reorder'),
    ('Cone Bearing ', '', 'Company', '', 'Shine/Unicorn', 275.0, 375.0, 3, 0, 0, 'Available'),
    ('Cone Bearing ', '', 'Company', '', 'Pulsar150', 275.0, 375.0, 0, 0, 0, 'Reorder'),
    ('Cone Bearing ', '', 'Company', '', 'Pulsar220', 275.0, 375.0, 0, 0, 0, 'Reorder'),
    ('Cone Bearing ', '', 'Company', '', 'Dio NM', 275.0, 375.0, 2, 0, 0, ''),
    ('Cone Bearing ', '', 'Company', '', 'Hero Honda', 230.0, 330.0, 0, 0, 0, 'Reorder'),
    ('Cone Bearing ', '', 'Company', '', 'RTR', 350.0, 450.0, 3, 0, 0, 'Available'),
    ('Cone Bearing ', '', 'Company', '', 'Gixxer', 430.0, 580.0, 3, 0, 0, 'Available'),
    ('Cone Bearing ', '', 'Company', '', 'FZ250', 650.0, 750.0, 3, 2, 0, 'Reorder'),
    ('Cone Bearing ', '', 'Veer', '', 'Hero Honda', 250.0, 350.0, 5, 0, 0, 'Available'),
    ('Cone Bearing ', '', 'Endurance', '', 'Pulsar 150', 400.0, 600.0, 3, 2, 0, 'Reorder'),
    ('Cone Bearing ', '', 'Endurance', '', 'Pulsar 220', 430.0, 630.0, 3, 2, 0, 'Reorder'),
    ('Cone Bearing ', '', 'Endurance', '', 'Shine/Unicorn', 430.0, 630.0, 3, 2, 0, 'Reorder'),
    ('Carburator', '', '', '', 'Pulsar 150/FZ (U-Cal)', 3700.0, 4500.0, 0, 0, 0, ''),
    ('Carburator', '', '', '', 'Pulsar 220 (U-Cal)', 4500.0, 5100.0, 0, 0, 0, ''),
    ('Carburator', '', '', '', 'Pulsar 150 (MLKUNL)', 2000.0, 2600.0, 0, 0, 0, ''),
    ('Carburator', '', '', '', 'Splender (MLKUNL)', 1300.0, 1800.0, 0, 0, 0, ''),
    ('Carburator', '', '', '', 'Ray(MLKUNL)', 4000.0, 4650.0, 0, 0, 0, ''),
    ('Carburator', '', '', '', 'Enticer(MLKUNL', 3800.0, 4500.0, 0, 0, 0, ''),
    ('Clutch Shoe-Chain exhauster', '', 'ASK', '', 'Duro', 805.0, 905.0, 1, 1, 0, 'Reorder'),
    ('Clutch Shoe-Chain exhauster', '', 'ASK', '', 'TVS/Pep', 700.0, 805.0, 1, 0, 0, 'Available'),
    ('Clutch Shoe-Chain exhauster', '', 'ASK', '', 'Ray/Fashino', 1005.0, 1075.0, 2, 2, 0, 'Reorder'),
    ('Clutch Shoe-Chain exhauster', '', 'ASK', '', 'Dio HET (Honda Activa)', 980.0, 1080.0, 0, 0, 0, 'Reorder'),
    ('Clutch Shoe-Chain exhauster', '', 'ASK', '', 'Dio OM', 800.0, 850.0, 0, 0, 0, 'Reorder'),
    ('Clutch Shoe-Chain exhauster', '', 'ASK', '', 'Dio NM', 970.0, 1050.0, 1, 1, 0, 'Reorder'),
    ('Clutch Shoe-Chain exhauster', '', 'F.C.C.', '', 'Dio NM', 970.0, 1080.0, 0, 0, 0, 'Reorder'),
    ('Clutch Shoe-Chain exhauster', '', 'F.C.C.', '', 'Dio-G.1', 1000.0, 1100.0, 2, 1, 0, 'Available'),
    ('Clutch Shoe-Chain exhauster', '', 'F.C.C.', '', 'Dio-G.2', 1050.0, 1200.0, 2, 0, 0, 'Available'),
    ('Clutch Shoe-Chain exhauster', '', 'F.C.C.', '', 'Pleasure', 940.0, 1100.0, 2, 1, 0, 'Available'),
    ('Clutch Shoe-Chain exhauster', '', 'F.C.C.', '', 'Ray/Fashino', 1050.0, 1200.0, 2, 1, 0, 'Available'),
    ('Clutch Shoe-Chain exhauster', '', 'F.C.C.', '', 'NTRQ', 1505.0, 1650.0, 1, 0, 0, 'Available'),
    ('Clutch Shoe-Chain exhauster', '', 'Others', '', 'Dio OM (Honda- 14H23)', 610.0, 660.0, 0, 0, 0, 'Reorder'),
    ('Clutch Shoe-Chain exhauster', '', 'Others', '', 'Chain Exchauster', NULL, NULL, 0, 0, 0, ''),
    ('Clutch Shoe-Chain exhauster', '', 'Company', '', 'Bike Names', NULL, NULL, 0, 0, 0, 'Status'),
    ('Clutch Shoe-Chain exhauster', '', 'Company', '', 'Pulsar 150', 200.0, 250.0, 4, 1, 0, 'Available'),
    ('Clutch Shoe-Chain exhauster', '', 'Company', '', 'Pulsar 220', 310.0, 350.0, 3, 1, 0, 'Available'),
    ('Clutch Shoe-Chain exhauster', '', 'Company', '', 'Splender /HH', 120.0, 150.0, 4, 2, 0, 'Available'),
    ('Clutch Shoe-Chain exhauster', '', 'Company', '', 'Shine', 150.0, 200.0, 5, 0, 0, 'Available'),
    ('Clutch Shoe-Chain exhauster', '', 'Company', '', 'Unicorn', 230.0, 280.0, 5, 0, 0, 'Available'),
    ('Clutch Shoe-Chain exhauster', '', 'Company', '', 'FZ', 280.0, 340.0, 5, 1, 0, 'Available'),
    ('Clutch Shoe-Chain exhauster', '', 'Company', '', 'Gladiator', 230.0, 280.0, 6, 0, 0, 'Available'),
    ('Clutch Cable ', '', 'BAJAJ', '', 'Pulsar150/ Discover 100', 145.0, 180.0, 20, 0, 0, 'Available'),
    ('Clutch Cable ', '', 'BAJAJ', '', 'Plusar 150 (ASK)', 155.0, 200.0, 6, 2, 0, 'Reorder'),
    ('Clutch Cable ', '', 'BAJAJ', '', 'Pulsar 220', 145.0, 180.0, 14, 5, 0, 'Available'),
    ('Clutch Cable ', '', 'BAJAJ', '', 'NS-200', 145.0, 180.0, 10, 2, 0, 'Available'),
    ('Clutch Cable ', '', 'BAJAJ', '', 'Avenger', 145.0, 180.0, 10, 1, 0, 'Available'),
    ('Clutch Cable ', '', 'BAJAJ', '', 'Discover 125/135', 145.0, 180.0, 6, 1, 0, 'Reorder'),
    ('Clutch Cable ', '', 'HONDA', '', 'Unicorn/XTRM', 145.0, 180.0, 12, 3, 0, 'Available'),
    ('Clutch Cable ', '', 'HONDA', '', 'Shine', 145.0, 180.0, 14, 8, 0, 'Available'),
    ('Clutch Cable ', '', 'HONDA', '', 'Hornet', 145.0, 190.0, 7, 0, 0, 'Available'),
    ('Clutch Cable ', '', 'HONDA', '', 'XR 150', 180.0, 230.0, 6, 1, 0, 'Reorder'),
    ('Clutch Cable ', '', 'Yamaha', '', 'FZ', 180.0, 200.0, 15, 5, 0, 'Available'),
    ('Clutch Cable ', '', 'Yamaha', '', 'FZ250/R15V3', 250.0, 300.0, 9, 3, 0, 'Available'),
    ('Clutch Cable ', '', 'Yamaha', '', 'Gladiator', 155.0, 190.0, 6, 5, 0, 'Reorder'),
    ('Clutch Cable ', '', 'Yamaha', '', 'Libra/Alba', 150.0, 190.0, 7, 2, 0, 'Reorder'),
    ('Clutch Cable ', '', 'Yamaha', '', 'Tigger', 170.0, 200.0, 2, 0, 0, 'Reorder'),
    ('Clutch Cable ', '', 'Yamaha', '', 'R15', 170.0, 200.0, 4, 2, 0, 'Reorder'),
    ('Clutch Cable ', '', 'TVS', '', 'RTR 160 4V', 160.0, 200.0, 5, 0, 0, 'Reorder'),
    ('Clutch Cable ', '', 'TVS', '', 'RTR 160/180', 180.0, 235.0, 5, 1, 0, 'Reorder'),
    ('Clutch Cable ', '', 'TVS', '', 'RTR 200', 190.0, 235.0, 6, 3, 0, 'Reorder'),
    ('Clutch Cable ', '', 'Hero', '', 'Splender/Bullet/ I-smart', 145.0, 180.0, 20, 5, 0, 'Available'),
    ('Clutch Cable ', '', 'Hero', '', 'Super Splender', 145.0, 180.0, 17, 0, 0, 'Available'),
    ('Clutch Cable ', '', 'Hero', '', 'CBZ Star OM', 150.0, 185.0, 5, 2, 0, 'Reorder'),
    ('Clutch Cable ', '', 'Hero', '', 'X-pluse', 200.0, 250.0, 7, 2, 0, 'Reorder'),
    ('Clutch Cable ', '', 'Royal Enfield', '', 'Bullet', 180.0, 240.0, 6, 0, 0, 'Available'),
    ('Clutch Cable ', '', 'Suzuki', '', 'Gixxer', 230.0, 250.0, 6, 2, 0, 'Reorder'),
    ('Choke Cable-Clutch Yoke', '', '', '', 'FZ', 130.0, 150.0, 10, 3, 0, 'Available'),
    ('Choke Cable-Clutch Yoke', '', '', '', 'Platina', 100.0, 150.0, 2, 0, 0, 'Available'),
    ('Choke Cable-Clutch Yoke', '', '', '', 'Libra/Alba', 115.0, 150.0, 4, 1, 0, 'Available'),
    ('Choke Cable-Clutch Yoke', '', '', '', 'Shine', 120.0, 150.0, 9, 2, 0, 'Available'),
    ('Choke Cable-Clutch Yoke', '', '', '', 'Dio OM (combo)', 220.0, 280.0, 3, 3, 0, 'Reorder'),
    ('Choke Cable-Clutch Yoke', '', '', '', 'Dio NM', 160.0, 200.0, 13, 9, 0, 'Available'),
    ('Choke Cable-Clutch Yoke', '', '', '', 'Gladiator/Entincer', 100.0, 150.0, 3, 0, 0, 'Available'),
    ('Choke Cable-Clutch Yoke', '', '', '', 'CBZ XTM/Uni', 130.0, 150.0, 12, 8, 0, 'Available'),
    ('Choke Cable-Clutch Yoke', '', '', '', 'Clutch Yoke', NULL, NULL, 0, 0, 0, ''),
    ('Choke Cable-Clutch Yoke', '', '', '', 'Bike Names', NULL, NULL, 0, 0, 0, 'Status'),
    ('Choke Cable-Clutch Yoke', '', '', '', 'UG3 (Pul150/180/220)', 110.0, 150.0, 10, 3, 0, 'Available'),
    ('Choke Cable-Clutch Yoke', '', '', '', 'UG4 (Pul150/180/220)', 110.0, 150.0, 13, 1, 0, 'Available'),
    ('Choke Cable-Clutch Yoke', '', '', '', 'Combo (Scooter)', 220.0, 250.0, 19, 2, 0, 'Available'),
    ('Choke Cable-Clutch Yoke', '', '', '', 'Dio old', 200.0, 250.0, 5, 1, 0, 'Available'),
    ('Choke Cable-Clutch Yoke', '', '', '', 'Ray Series', 120.0, 170.0, 8, 0, 0, 'Available'),
    ('Choke Cable-Clutch Yoke', '', '', '', 'Unicorn/CBZ XTM', 155.0, 205.0, 9, 1, 0, 'Available'),
    ('Choke Cable-Clutch Yoke', '', '', '', 'Shine', 110.0, 160.0, 5, 1, 0, 'Available'),
    ('Choke Cable-Clutch Yoke', '', '', '', 'RTR', 120.0, 180.0, 10, 4, 0, 'Available'),
    ('Choke Cable-Clutch Yoke', '', '', '', 'Splender', 100.0, 150.0, 16, 6, 0, 'Available'),
    ('Choke Cable-Clutch Yoke', '', '', '', 'FZ/RX/Fashino', 100.0, 150.0, 11, 5, 0, 'Available'),
    ('Clucth Switch-C.D.I', '', '', '', 'UG4 (Bajaj)', 280.0, 320.0, 6, 6, 0, 'Reorder'),
    ('Clucth Switch-C.D.I', '', '', '', 'Pul (7609k Minda)', 240.0, 300.0, 10, 2, 0, 'Available'),
    ('Clucth Switch-C.D.I', '', '', '', 'FZ', 250.0, 300.0, 3, 0, 0, 'Available'),
    ('Clucth Switch-C.D.I', '', '', '', 'C.D.I', NULL, NULL, 0, 0, 0, ''),
    ('Clucth Switch-C.D.I', '', '', '', 'Bike Names', NULL, NULL, 0, 0, 0, 'Status'),
    ('Clucth Switch-C.D.I', '', '', '', 'UG4 (DJ-64)', 2015.0, 2250.0, 0, 0, 0, 'Reorder'),
    ('Clucth Switch-C.D.I', '', '', '', 'Pul (DH 56)', 1420.0, 1650.0, 1, 0, 0, 'Reorder'),
    ('Clucth Switch-C.D.I', '', '', '', 'Pul 220 (DK-81)', 1550.0, 1800.0, 1, 0, 0, 'Reorder'),
    ('Clucth Switch-C.D.I', '', '', '', 'Pul 150 (DH-72)', 1950.0, 2250.0, 1, 0, 0, 'Reorder'),
    ('Clucth Switch-C.D.I', '', '', '', 'Pul (DJ-98)', 1620.0, 1850.0, 0, 0, 0, 'Reorder'),
    ('Clucth Switch-C.D.I', '', '', '', 'Pul (DH-04)', 1500.0, 1750.0, 0, 0, 0, 'Reorder'),
    ('Drum Rubber', '', '', '', 'FZ/RX/Alba', 100.0, 130.0, 15, 2, 0, 'Available'),
    ('Drum Rubber', '', '', '', 'KB4s/Caliber/100cc', 70.0, 130.0, 6, 5, 0, 'Reorder'),
    ('Drum Rubber', '', '', '', 'Splender', 80.0, 130.0, 15, 5, 0, 'Available'),
    ('Drum Rubber', '', '', '', 'Sup-Splender', 100.0, 130.0, 13, 0, 0, 'Available'),
    ('Drum Rubber', '', '', '', 'Gixxer', 100.0, 130.0, 6, 4, 0, 'Reorder'),
    ('Drum Rubber', '', '', '', 'Unicorn/XTM', 100.0, 130.0, 12, 8, 0, 'Available'),
    ('Drum Rubber', '', '', '', 'Shine', 100.0, 130.0, 14, 14, 0, 'Reorder'),
    ('Drum Rubber', '', '', '', 'FZ 250', 130.0, 155.0, 7, 1, 0, 'Available'),
    ('Drum Rubber', '', '', '', 'Avenger/NS 200', 110.0, 155.0, 8, 4, 0, 'Available'),
    ('Drum Rubber', '', '', '', 'Pulsar 150/180/220', 100.0, 130.0, 20, 20, 0, 'Reorder'),
    ('Drum Rubber', '', '', '', 'RTR', 105.0, 135.0, 7, 4, 0, 'Reorder'),
    ('Drum Rubber', '', '', '', 'Bullet 350', 140.0, 185.0, 5, 4, 0, 'Reorder'),
    ('Disc Caliber', '', '', '', 'Pulsar 150/180/220 (Front)', 1005.0, 1300.0, 3, 1, 0, 'Available'),
    ('Disc Caliber', '', '', '', 'Pulsar 220', 1555.0, 1705.0, 1, 1, 0, 'Reorder'),
    ('Disc Caliber', '', '', '', 'Unicorn', 1050.0, 1305.0, 1, 0, 0, 'Available'),
    ('Disc Caliber', '', '', '', 'Shine', 1005.0, 1305.0, 1, 0, 0, 'Available'),
    ('Disc Caliber', '', '', '', 'FZ', 990.0, 1300.0, 2, 1, 0, 'Available'),
    ('Disc Caliber', '', '', '', 'RTR', 1305.0, 1500.0, 1, 0, 0, 'Available'),
    ('Disc Plate', '', '', '', 'Pulsar 150 (Front)', 1000.0, 1305.0, 2, 0, 0, 'Available'),
    ('Disc Plate', '', '', '', 'Pulsar 220 (Front)', 1000.0, 1305.0, 1, 0, 0, 'Available'),
    ('Disc Plate', '', '', '', 'Pulsar 220 (Rear)', 1000.0, 1305.0, 3, 2, 0, 'Available'),
    ('Disc Plate', '', '', '', 'NS-200 (Front)', 1000.0, 1305.0, 1, 0, 0, 'Available'),
    ('Disc Plate', '', '', '', 'NS-200 (Rear)', 1000.0, 1305.0, 2, 1, 0, 'Available'),
    ('Disc Plate', '', '', '', 'Unicorn (Front)', 1000.0, 1305.0, 1, 1, 0, 'Reorder'),
    ('Disc Plate', '', '', '', 'XTM (Rear)', 1000.0, 1200.0, 2, 1, 0, 'Available'),
    ('Disc Plate', '', '', '', 'FZ (Front)', 1000.0, 1200.0, 1, 1, 0, 'Reorder'),
    ('Disc Plate', '', '', '', 'FZ (Rear Disk)', 1000.0, 1200.0, 1, 1, 0, 'Reorder'),
    ('Dipper Switch', '', 'Bajaj', '', '648 C', 1050.0, 1150.0, 2, 0, 0, 'Available'),
    ('Dipper Switch', '', 'Bajaj', '', '648 F', 970.0, 1050.0, 3, 0, 0, 'Available'),
    ('Dipper Switch', '', 'Bajaj', '', '647 C', 955.0, 1050.0, 2, 1, 0, 'Available'),
    ('Dipper Switch', '', 'Bajaj', '', '630 E', 1300.0, 1450.0, 2, 1, 0, 'Available'),
    ('Dipper Switch', '', 'Bajaj', '', '630', 1150.0, 1250.0, 2, 1, 0, 'Available'),
    ('Dipper Switch', '', 'Bajaj', '', '629 C', 1310.0, 1450.0, 1, 1, 0, 'Reorder'),
    ('Dipper Switch', '', 'Bajaj', '', '629', 1140.0, 1250.0, 1, 0, 0, 'Available'),
    ('Dipper Switch', '', 'Honda', '', '0660 AL', 700.0, 950.0, 1, 0, 0, 'Available'),
    ('Dipper Switch', '', 'Honda', '', '685AQ', 740.0, 850.0, 1, 0, 0, 'Available'),
    ('Dipper Switch', '', 'Honda', '', '685Q', 800.0, 920.0, 1, 0, 0, 'Available'),
    ('Dipper Switch', '', 'Honda', '', '685AR', 980.0, 1050.0, 1, 0, 0, 'Available'),
    ('Dipper Switch', '', 'Honda', '', '0659 AD', 900.0, 1080.0, 1, 0, 0, 'Available'),
    ('Dipper Switch', '', 'Yamaha', '', '0640 B', 820.0, 1000.0, 1, 0, 0, 'Available'),
    ('Dipper Switch', '', 'Yamaha', '', '0639 B', 1250.0, 1450.0, 1, 0, 0, 'Available'),
    (' Footrest', '', '', '', 'Splender (RH)', 180.0, 220.0, 8, 1, 0, 'Available'),
    (' Footrest', '', '', '', 'Splender (LH)', 180.0, 220.0, 8, 2, 0, 'Available'),
    (' Footrest', '', '', '', 'Pulsar (RH)', 180.0, 220.0, 10, 4, 0, 'Available'),
    (' Footrest', '', '', '', 'Pulsar (LH)', 180.0, 220.0, 4, 4, 0, 'Reorder'),
    (' Footrest', '', '', '', 'CBZ (RH)', 180.0, 230.0, 5, 0, 0, 'Available'),
    (' Footrest', '', '', '', 'CBZ (LH)', 180.0, 230.0, 5, 1, 0, 'Available'),
    (' Footrest', '', '', '', 'CBZ XTM (Digital-RH)', 340.0, 380.0, 6, 2, 0, 'Available'),
    (' Footrest', '', '', '', 'CBZ XTM (Digital-LH)', 340.0, 380.0, 18, 3, 0, 'Available'),
    (' Footrest', '', '', '', 'NS-200  (RH)', 330.0, 380.0, 6, 3, 0, 'Available'),
    (' Footrest', '', '', '', 'NS-200 (LH)', 330.0, 400.0, 8, 3, 0, 'Available'),
    (' Footrest', '', '', '', 'FZ (RH)', 385.0, 450.0, 9, 1, 0, 'Available'),
    (' Footrest', '', '', '', 'FZ (LH)', 385.0, 450.0, 8, 6, 0, 'Reorder'),
    (' Footrest', '', '', '', 'Shine (RH)', 180.0, 220.0, 5, 2, 0, 'Available'),
    (' Footrest', '', '', '', 'Shine (LH)', 180.0, 220.0, 5, 0, 0, 'Available'),
    (' Footrest', '', '', '', 'RTR (RH)', 370.0, 400.0, 3, 3, 0, 'Reorder'),
    (' Footrest', '', '', '', 'RTR (LH)', 370.0, 400.0, 3, 2, 0, 'Reorder'),
    (' Footrest', '', '', '', 'Rear Footrest', NULL, NULL, 0, 0, 0, ''),
    (' Footrest', '', '', '', 'Bike Names', NULL, NULL, 0, 0, 0, ''),
    (' Footrest', '', '', '', 'Splender (RH)', 180.0, 220.0, 5, 4, 0, 'Reorder'),
    (' Footrest', '', '', '', 'Splender (LH)', 180.0, 220.0, 5, 3, 0, 'Reorder'),
    (' Footrest', '', '', '', 'Pulsar (RH)', 180.0, 220.0, 5, 0, 0, 'Available'),
    (' Footrest', '', '', '', 'Pulsar (LH)', 180.0, 220.0, 5, 0, 0, 'Available'),
    (' Footrest', '', '', '', 'NS-200 (RH)', 385.0, 405.0, 6, 0, 0, 'Available'),
    (' Footrest', '', '', '', 'NS-200 (LH)', 385.0, 405.0, 6, 3, 0, 'Available'),
    (' Footrest', '', '', '', 'FZ/RTR-200 (RH)', 340.0, 405.0, 4, 3, 0, 'Reorder'),
    (' Footrest', '', '', '', 'FZ/RTR-200 (LH)', 340.0, 405.0, 3, 2, 0, 'Reorder'),
    (' Footrest', '', '', '', 'XTM Digital (RH)', 340.0, 405.0, 5, 0, 0, 'Available'),
    (' Footrest', '', '', '', 'XTM Digital (LH)', 340.0, 405.0, 6, 2, 0, 'Available'),
    (' Footrest', '', '', '', 'CBZ (Shiveer RH)', 180.0, 220.0, 4, 2, 0, 'Reorder'),
    (' Footrest', '', '', '', 'CBZ (Shiveer LH)', 180.0, 220.0, 4, 2, 0, 'Reorder'),
    (' Footrest', '', '', '', 'RTR OM LH', 180.0, 220.0, 4, 0, 0, 'Available'),
    (' Footrest', '', '', '', 'RTR OM RH', 180.0, 220.0, 7, 0, 0, 'Available'),
    (' Footrest', '', '', '', 'RTR NM RH', 350.0, 430.0, 5, 0, 0, 'Available'),
    (' Footrest', '', '', '', 'RTR NM LH', 350.0, 430.0, 5, 1, 0, 'Available'),
    (' Footrest', '', '', '', 'Shine RH', 200.0, 250.0, 6, 0, 0, 'Available'),
    (' Footrest', '', '', '', 'Shine Lh', 200.0, 250.0, 6, 0, 0, 'Available'),
    ('Front Spocket', '', '', '', 'Super-Splender', 110.0, 150.0, 18, 1, 0, 'Available'),
    ('Front Spocket', '', '', '', 'Splender (I-smart)', 110.0, 150.0, 27, 3, 0, 'Available'),
    ('Front Spocket', '', '', '', 'RTR 200', 160.0, 230.0, 10, 3, 0, 'Available'),
    ('Front Spocket', '', '', '', 'RTR 160', 110.0, 150.0, 13, 9, 0, 'Available'),
    ('Front Spocket', '', '', '', 'Pulsar 150', 110.0, 150.0, 22, 6, 0, 'Available'),
    ('Front Spocket', '', '', '', 'Pulsar 220/Duke', 150.0, 200.0, 19, 11, 0, 'Available'),
    ('Front Spocket', '', '', '', 'Discover 100/125/135', 110.0, 150.0, 14, 1, 0, 'Available'),
    ('Front Spocket', '', '', '', 'Unicorn/XR', 110.0, 150.0, 22, 5, 0, 'Available'),
    ('Front Spocket', '', '', '', 'FZ/YBX/CRUX/Enticer', 110.0, 150.0, 18, 18, 0, 'Reorder'),
    ('Front Spocket', '', '', '', 'SZR', 110.0, 150.0, 10, 0, 0, 'Available'),
    ('Front Spocket', '', '', '', 'Gixxer', 110.0, 150.0, 10, 1, 0, 'Available'),
    ('Front Spocket', '', '', '', 'X-pluse/Karizma/CBZ Star', 150.0, 180.0, 14, 8, 0, 'Available'),
    ('Front Spocket', '', '', '', 'FZ 250', 230.0, 300.0, 10, 6, 0, 'Available'),
    ('Front Spocket', '', '', '', 'Shine', 110.0, 150.0, 17, 6, 0, 'Available'),
    ('Fine Belt ', '', '', '', 'Dio NM/HET (Blue)', 450.0, 600.0, 2, 2, 0, 'Reorder'),
    ('Fine Belt ', '', '', '', 'Dio NM/HET (Honda)', 450.0, 600.0, 3, 3, 0, 'Reorder'),
    ('Fine Belt ', '', '', '', 'Dio OM/Pleasure (Misuboshi Blue)', 450.0, 600.0, 4, 1, 0, 'Available'),
    ('Fine Belt ', '', '', '', 'Dio OM/ Pleasure (Honda)', 450.0, 600.0, 3, 3, 0, 'Reorder'),
    ('Fine Belt ', '', '', '', 'Pep', 425.0, 525.0, 0, 0, 0, 'Reorder'),
    ('Fine Belt ', '', '', '', 'Duro', 475.0, 575.0, 1, 0, 0, 'Reorder'),
    ('Fine Belt ', '', '', '', 'Ray (Blue)', 700.0, 800.0, 3, 0, 0, 'Available'),
    ('Fine Belt ', '', '', '', 'Ray (Yamanha)', 500.0, 600.0, 2, 2, 0, 'Reorder'),
    ('Fine Belt ', '', '', '', 'Jupiter/Dio OM (Honda)', 500.0, 650.0, 3, 0, 0, 'Available'),
    ('Fine Belt ', '', '', '', 'NTRQ', 650.0, 800.0, 3, 2, 0, 'Reorder'),
    ('Fine Belt ', '', '', '', 'NTRQ BS6', 900.0, 1000.0, 2, 0, 0, 'Available'),
    ('Fine Belt ', '', '', '', 'Aprillia', 750.0, 950.0, 2, 0, 0, 'Available'),
    ('Gear Lever-Gear  Sharf', '', '', '', 'Sup-Splender', 210.0, 250.0, 3, 1, 0, 'Available'),
    ('Gear Lever-Gear  Sharf', '', '', '', 'Pulsar 220', 450.0, 500.0, 6, 3, 0, 'Available'),
    ('Gear Lever-Gear  Sharf', '', '', '', 'NS-200', 475.0, 530.0, 5, 0, 0, 'Available'),
    ('Gear Lever-Gear  Sharf', '', '', '', 'Pulsar 150', 240.0, 290.0, 4, 1, 0, 'Available'),
    ('Gear Lever-Gear  Sharf', '', '', '', 'RTR OM', 240.0, 290.0, 1, 1, 0, 'Reorder'),
    ('Gear Lever-Gear  Sharf', '', '', '', 'FZ', 450.0, 520.0, 5, 2, 0, 'Available'),
    ('Gear Lever-Gear  Sharf', '', '', '', 'Unicorn', 260.0, 350.0, 4, 1, 0, 'Available'),
    ('Gear Lever-Gear  Sharf', '', '', '', 'Shine', 350.0, 450.0, 3, 0, 0, 'Available'),
    ('Gear Lever-Gear  Sharf', '', '', '', 'Gladiator', 340.0, 395.0, 0, 0, 0, 'Reorder'),
    ('Gear Lever-Gear  Sharf', '', '', '', 'RTR 160/180', 450.0, 505.0, 1, 0, 0, 'Reorder'),
    ('Gear Lever-Gear  Sharf', '', '', '', 'RTR 200', 600.0, 750.0, 3, 0, 0, 'Available'),
    ('Gear Lever-Gear  Sharf', '', '', '', 'Splender /Sup-Spl', 230.0, 300.0, 6, 3, 0, 'Available'),
    ('Gear Lever-Gear  Sharf', '', '', '', 'NS-200 NM/160 NS NM', 500.0, 600.0, 2, 1, 0, 'Reorder'),
    ('Gear Lever-Gear  Sharf', '', '', '', 'NS-200 (Bajaj-Company)', 1020.0, 1100.0, 2, 2, 0, 'Reorder'),
    ('Gear Lever-Gear  Sharf', '', '', '', 'Gear Sharf', NULL, NULL, 0, 0, 0, ''),
    ('Gear Lever-Gear  Sharf', '', '', '', 'Bike Names', NULL, NULL, 0, 0, 0, 'Status'),
    ('Gear Lever-Gear  Sharf', '', '', '', 'Pulsar 150 (Palto)', 420.0, 550.0, 1, 1, 0, 'Reorder'),
    ('Gear Lever-Gear  Sharf', '', '', '', 'Hero Honda', 350.0, 400.0, 1, 1, 0, 'Reorder'),
    ('Gear Lever-Gear  Sharf', '', '', '', 'Shine', 405.0, 450.0, 2, 0, 0, 'Available'),
    ('Gear Lever-Gear  Sharf', '', '', '', 'NS-200', 770.0, 950.0, 2, 0, 0, 'Available'),
    ('Gear Lever-Gear  Sharf', '', '', '', 'Pulsar 150 (Bajaj)', 750.0, 780.0, 1, 0, 0, 'Available'),
    ('Gear Lever-Gear  Sharf', '', '', '', 'Unicorn', 450.0, 550.0, 1, 0, 0, 'Available'),
    ('Gear Lever-Gear  Sharf', '', '', '', 'CT 100', NULL, NULL, 1, 0, 0, 'Available'),
    ('Gear Lever-Gear  Sharf', '', '', '', 'Pulsar 220', 750.0, 950.0, 1, 0, 0, 'Available'),
    ('Head Show-Head Light Assemble', '', '', '', 'Pulsar 150/180/200', 780.0, 880.0, 0, 0, 0, ''),
    ('Head Show-Head Light Assemble', '', '', '', 'Shime', 725.0, 825.0, 0, 0, 0, ''),
    ('Head Show-Head Light Assemble', '', '', '', 'Shime T.2', 800.0, 900.0, 0, 0, 0, ''),
    ('Head Show-Head Light Assemble', '', '', '', 'Unicorn', 1290.0, 1450.0, 0, 0, 0, ''),
    ('Head Show-Head Light Assemble', '', '', '', 'CBZ XTM', 1240.0, 1405.0, 0, 0, 0, ''),
    ('Head Show-Head Light Assemble', '', '', '', 'RTR 160', 1040.0, 1240.0, 0, 0, 0, ''),
    ('Head Show-Head Light Assemble', '', '', '', 'Splender', 525.0, 675.0, 0, 0, 0, ''),
    ('Head Show-Head Light Assemble', '', '', '', 'T.2 150 (Wister)', 880.0, 980.0, 0, 0, 0, ''),
    ('Head Show-Head Light Assemble', '', '', '', 'Head Light Assemble', NULL, NULL, 0, 0, 0, ''),
    ('Head Show-Head Light Assemble', '', '', '', 'Bike Names', NULL, NULL, 0, 0, 0, ''),
    ('Head Show-Head Light Assemble', '', '', '', 'Pulsar 150/180/200 (Jainsons)', 1250.0, 1575.0, 0, 0, 0, ''),
    ('Head Show-Head Light Assemble', '', '', '', 'Pulsar 150/180/200 (Lumux)', 1350.0, 1550.0, 0, 0, 0, ''),
    ('Head Show-Head Light Assemble', '', '', '', 'Pulsar 150 (Golo-Jainsons)', 620.0, 750.0, 0, 0, 0, ''),
    ('Head Show-Head Light Assemble', '', '', '', 'UG3 (Minda)', 1490.0, 1580.0, 0, 0, 0, ''),
    ('Head Show-Head Light Assemble', '', '', '', 'RX-100 (Jainsons)', 620.0, 750.0, 0, 0, 0, ''),
    ('Head Show-Head Light Assemble', '', '', '', 'Splender Plus', 480.0, 600.0, 0, 0, 0, ''),
    ('Half-Excel', '', '', '', 'Pulsar 150/180/200', 140.0, 200.0, 17, 5, 0, 'Available'),
    ('Half-Excel', '', '', '', 'Unicorn', 230.0, 280.0, 4, 2, 0, 'Available'),
    ('Half-Excel', '', '', '', 'YBX', 130.0, 170.0, 2, 0, 0, 'Available'),
    ('Half-Excel', '', '', '', 'Super-Splender', 130.0, 170.0, 9, 2, 0, 'Available'),
    ('Half-Excel', '', '', '', 'Glamour', 130.0, 170.0, 5, 0, 0, 'Available'),
    ('Half-Excel', '', '', '', 'Splender/I-smart', 80.0, 130.0, 18, 7, 0, 'Available'),
    ('Half-Excel', '', '', '', 'Shine', 100.0, 150.0, 10, 3, 0, 'Available'),
    ('Half-Excel', '', '', '', 'RTR', 250.0, 300.0, 4, 0, 0, 'Available'),
    ('Half-Excel', '', '', '', 'CBZ XTM', 160.0, 200.0, 3, 0, 0, 'Available'),
    ('Ingnation Swtich-Switch set', '', '', '', '1278Z (Shine/Unicorn)', 670.0, 800.0, 2, 1, 0, 'Available'),
    ('Ingnation Swtich-Switch set', '', '', '', '1248Z (Pulsar 220)', 760.0, 850.0, 2, 2, 0, 'Reorder'),
    ('Ingnation Swtich-Switch set', '', '', '', '1248HZ (NS-200)', 935.0, 1005.0, 2, 1, 0, 'Available'),
    ('Ingnation Swtich-Switch set', '', '', '', '1226BZ (Pulsar 150-"2pin")', 750.0, 800.0, 4, 1, 0, 'Available'),
    ('Ingnation Swtich-Switch set', '', '', '', '1226Z (Pulsar 150-"4pin")', 750.0, 800.0, 4, 1, 0, 'Available'),
    ('Ingnation Swtich-Switch set', '', '', '', '0139Z (Avenger 220-"4pin")', 810.0, 900.0, 1, 0, 0, 'Available'),
    ('Ingnation Swtich-Switch set', '', '', '', '2178BZ (Avenger 220-"4pin")', 1310.0, 1500.0, 2, 1, 0, 'Available'),
    ('Ingnation Swtich-Switch set', '', '', '', '1101Z (Splender)', 630.0, 700.0, 6, 2, 0, 'Available'),
    ('Ingnation Swtich-Switch set', '', '', '', '1101DZ (Super-Splender)', 740.0, 850.0, 3, 0, 0, 'Available'),
    ('Ingnation Swtich-Switch set', '', '', '', '1154BZ (RTR)', 760.0, 850.0, 1, 0, 0, 'Available'),
    ('Ingnation Swtich-Switch set', '', '', '', '11015Z (XTM/Impluse)', 735.0, 850.0, 2, 2, 0, 'Reorder'),
    ('Ingnation Swtich-Switch set', '', '', '', '1238AZ (FZ)', 830.0, 900.0, 2, 1, 0, 'Available'),
    ('Ingnation Swtich-Switch set', '', '', '', '1247BZ (R15)', 825.0, 950.0, 2, 0, 0, 'Available'),
    ('Ingnation Swtich-Switch set', '', '', '', '1226BZ (XCD)', 700.0, 800.0, 6, 0, 0, 'Available'),
    ('Ingnation Swtich-Switch set', '', '', '', '1232NZ (Aviator)', 745.0, 800.0, 2, 0, 0, 'Available'),
    ('Ingnation Swtich-Switch set', '', '', '', '2247EZ (Pleasure)', 610.0, 750.0, 2, 0, 0, 'Available'),
    ('Ingnation Swtich-Switch set', '', '', '', '2166KZ  (E) (Dio-N/M)', 830.0, 980.0, 2, 1, 0, 'Available'),
    ('Ingnation Swtich-Switch set', '', '', '', '2166CZ (E) (Dio-O/M)', 855.0, 955.0, 1, 0, 0, 'Available'),
    ('Ingnation Swtich-Switch set', '', '', '', '1126EZ (CRUX)', 680.0, 750.0, 1, 0, 0, 'Available'),
    ('Ingnation Swtich-Switch set', '', '', '', '1309KZ (Avenger- 2pin)', 950.0, 1100.0, 0, 0, 0, 'Reorder'),
    ('Ingnation Swtich-Switch set', '', '', '', '7298A (FZ)', 550.0, 650.0, 0, 0, 0, 'Reorder'),
    ('Ingnation Swtich-Switch set', '', '', '', '7808 (Unicorn)', 550.0, 650.0, 1, 0, 0, 'Reorder'),
    ('Ingnation Swtich-Switch set', '', '', '', 'Ignation Switch Set', NULL, NULL, 0, 0, 0, ''),
    ('Ingnation Swtich-Switch set', '', '', '', 'Bike Names', NULL, NULL, 0, 0, 0, 'Status'),
    ('Ingnation Swtich-Switch set', '', '', '', 'FC-r987 (E) (Pulsar)', NULL, NULL, 0, 0, 0, 'Reorder'),
    ('Ingnation Swtich-Switch set', '', '', '', 'KT-2233Z (FZ)', NULL, NULL, 0, 0, 0, 'Reorder'),
    ('Ingnation Swtich-Switch set', '', '', '', 'KT-2184HZ €', 1550.0, 1700.0, 1, 0, 0, 'Available'),
    ('Kick Lever', '', '', '', 'Dio N/M', 450.0, 550.0, 3, 2, 0, 'Reorder'),
    ('Kick Lever', '', '', '', 'Splender/Passion', 450.0, 550.0, 3, 2, 0, 'Reorder'),
    ('Kick Lever', '', '', '', 'Pulsar 150/180', 600.0, 700.0, 3, 3, 0, 'Reorder'),
    ('Kick Lever', '', '', '', 'Shine', 550.0, 600.0, 3, 0, 0, 'Available'),
    ('Kick Lever', '', '', '', 'Pleasure', 450.0, 550.0, 0, 0, 0, 'Reorder'),
    ('Kick Lever', '', '', '', 'YBX', 480.0, 550.0, 2, 1, 0, 'Reorder'),
    ('Kick Lever', '', '', '', 'Discover', 390.0, 480.0, 1, 0, 0, 'Reorder'),
    ('Lever Set ', '', '', '', 'UG3 (Clutch)', 230.0, 280.0, 17, 8, 0, 'Available'),
    ('Lever Set ', '', '', '', 'UG3 (Brake)', 230.0, 280.0, 0, 0, 0, 'Reorder'),
    ('Lever Set ', '', '', '', 'UG4 (Clutch)', 230.0, 280.0, 20, 9, 0, 'Available'),
    ('Lever Set ', '', '', '', 'UG4 (Brake))', 230.0, 280.0, 0, 0, 0, 'Reorder'),
    ('Lever Set ', '', '', '', 'Discover/Platina', 170.0, 210.0, 8, 2, 0, 'Available'),
    ('Lever Set ', '', '', '', 'RTR/MT (Clutch)', 300.0, 350.0, 10, 5, 0, 'Available'),
    ('Lever Set ', '', '', '', 'RTR/MT (Brake)', 300.0, 350.0, 6, 0, 0, 'Available'),
    ('Lever Set ', '', '', '', 'FZ (Clutch)', 230.0, 280.0, 10, 3, 0, 'Available'),
    ('Lever Set ', '', '', '', 'FZ (Brake)', 230.0, 280.0, 5, 0, 0, 'Available'),
    ('Lever Set ', '', '', '', 'R15', 230.0, 280.0, 8, 2, 0, 'Available'),
    ('Lever Set ', '', '', '', 'Shine/Passion/Pro(Clutch)', 230.0, 280.0, 10, 8, 0, 'Reorder'),
    ('Lever Set ', '', '', '', 'Shine/Passion/Pro(Brake)', 230.0, 280.0, 5, 0, 0, 'Available'),
    ('Lever Set ', '', '', '', 'Unicorn/XTM/CBZ/Hunk (Clutch)', 230.0, 280.0, 17, 6, 0, 'Available'),
    ('Lever Set ', '', '', '', 'Unicorn/XTM/CBZ/Hunk (Brake)', 230.0, 280.0, 8, 3, 0, 'Available'),
    ('Lever Set ', '', '', '', 'Dio OM (RH)', 160.0, 200.0, 8, 5, 0, 'Reorder'),
    ('Lever Set ', '', '', '', 'Dio OM (LH)', 160.0, 200.0, 8, 4, 0, 'Available'),
    ('Lever Set ', '', '', '', 'Dio NM (RH)', 160.0, 200.0, 8, 2, 0, 'Available'),
    ('Lever Set ', '', '', '', 'Dio-Combo (per pcs)', 100.0, 200.0, 20, 11, 0, 'Available'),
    ('Lever Set ', '', '', '', 'Splender (Clutch)', 200.0, 250.0, 8, 3, 0, 'Available'),
    ('Mirror', '', '', '', 'Pulsar 220(RH)', 700.0, 750.0, 0, 0, 0, 'Reorder'),
    ('Mirror', '', '', '', 'Pulsar 220(LH)', 700.0, 750.0, 1, 0, 0, 'Reorder'),
    ('Mirror', '', '', '', 'Pulsar 150/180/Platina (RH)', 210.0, 250.0, 1, 0, 0, 'Reorder'),
    ('Mirror', '', '', '', 'Pulsar 150/180/Platina (LH)', 210.0, 250.0, 0, 0, 0, 'Reorder'),
    ('Mirror', '', '', '', 'NS-200 (RH)', 375.0, 435.0, 0, 0, 0, 'Reorder'),
    ('Mirror', '', '', '', 'NS-200 (LH)', 375.0, 435.0, 2, 0, 0, 'Reorder'),
    ('Mirror', '', '', '', 'FZ OM (RH)', 225.0, 260.0, 0, 0, 0, 'Reorder'),
    ('Mirror', '', '', '', 'FZ OM (LH)', 225.0, 260.0, 0, 0, 0, 'Reorder'),
    ('Mirror', '', '', '', 'Dio NM (RH)', 210.0, 250.0, 1, 1, 0, 'Reorder'),
    ('Mirror', '', '', '', 'Dio NM (LH)', 210.0, 250.0, 1, 1, 0, 'Reorder'),
    ('Mirror', '', '', '', 'Shine (RH)', 210.0, 250.0, 4, 2, 0, 'Reorder'),
    ('Mirror', '', '', '', 'Shine (LH)', 210.0, 250.0, 6, 1, 0, 'Available'),
    ('Mirror', '', '', '', 'Avenger Black (RH)', 610.0, 650.0, 0, 0, 0, 'Reorder'),
    ('Mirror', '', '', '', 'Avenger Black (LH)', 610.0, 650.0, 2, 2, 0, 'Reorder'),
    ('Mirror', '', '', '', 'Gixxer (RH)', 300.0, 400.0, 2, 1, 0, 'Reorder'),
    ('Mirror', '', '', '', 'Gixxer (LH)', 300.0, 400.0, 0, 0, 0, 'Reorder'),
    ('Mirror', '', '', '', 'RTR 200 (RH)', 275.0, 340.0, 3, 1, 0, 'Reorder'),
    ('Mirror', '', '', '', 'RTR 200 LH)', 275.0, 340.0, 0, 0, 0, 'Reorder'),
    ('Mirror', '', '', '', 'Pulsar 220 (RH)', 740.0, 850.0, 4, 1, 0, 'Available'),
    ('Mirror', '', '', '', 'Pulsar 220 (LH)', 740.0, 850.0, 2, 0, 0, 'Reorder'),
    ('Mirror', '', '', '', 'NS 200 (RH)', 415.0, 500.0, 2, 2, 0, 'Reorder'),
    ('Mirror', '', '', '', 'NS 200 (LH)', 400.0, 500.0, 2, 2, 0, 'Reorder'),
    ('Mirror', '', '', '', 'Ray OM (RH)', 500.0, 550.0, 1, 0, 0, 'Reorder'),
    ('Mirror', '', '', '', 'Ray OM (LH)', 500.0, 550.0, 0, 0, 0, 'Reorder'),
    ('Mirror', '', '', '', 'FZ 250 (RH)', 490.0, 550.0, 0, 0, 0, 'Reorder'),
    ('Mirror', '', '', '', 'FZ 250 (LH)', 490.0, 550.0, 2, 2, 0, 'Reorder'),
    ('Mirror', '', '', '', 'XR (RH)', 360.0, 410.0, 9, 2, 0, 'Available'),
    ('Mirror', '', '', '', 'XR (LH)', 360.0, 410.0, 4, 3, 0, 'Reorder'),
    ('Mirror', '', '', '', 'R15 (RH)', 700.0, 750.0, 0, 0, 0, 'Reorder'),
    ('Mirror', '', '', '', 'R15 (LH)', 700.0, 750.0, 1, 0, 0, 'Reorder'),
    ('Mirror', '', '', '', 'Avenger-Chrome (RH)', 470.0, 520.0, 0, 0, 0, 'Reorder'),
    ('Mirror', '', '', '', 'Avenger-Chrome (LH)', 470.0, 520.0, 0, 0, 0, 'Reorder'),
    ('Mirror', '', '', '', 'Ray (RH)', 255.0, 290.0, 0, 0, 0, 'Reorder'),
    ('Mirror', '', '', '', 'Ray LH)', 255.0, 290.0, 0, 0, 0, 'Reorder'),
    ('Mirror', '', '', '', 'Splender (RH)', 190.0, 240.0, 0, 0, 0, 'Reorder'),
    ('Mirror', '', '', '', 'Splender (LH)', 190.0, 240.0, 0, 0, 0, 'Reorder'),
    ('Mirror', '', '', '', 'Unicorn OM (RH)', 250.0, 310.0, 1, 0, 0, 'Reorder'),
    ('Mirror', '', '', '', 'Unicorn OM (LH)', 250.0, 310.0, 0, 0, 0, 'Reorder'),
    ('Mirror', '', '', '', 'Fashino (RH)', 430.0, 490.0, 1, 0, 0, 'Reorder'),
    ('Mirror', '', '', '', 'Fashino (LH)', 430.0, 490.0, 2, 2, 0, 'Reorder'),
    ('Mirror', '', '', '', 'Avenger (RH)', 620.0, 660.0, 0, 0, 0, 'Reorder'),
    ('Mirror', '', '', '', 'Avenger (LH)', 620.0, 660.0, 0, 0, 0, 'Reorder'),
    ('Mirror', '', '', '', 'NTRQ (RH)', 370.0, 420.0, 0, 0, 0, 'Reorder'),
    ('Mirror', '', '', '', 'NTRQ (LH)', 370.0, 420.0, 0, 0, 0, 'Reorder'),
    ('Mirror', '', '', '', 'Shine (RH)', 180.0, 220.0, 0, 0, 0, 'Reorder'),
    ('Mirror', '', '', '', 'Shine (LH)', 180.0, 220.0, 0, 0, 0, 'Reorder'),
    ('Mirror', '', '', '', 'Sup-Splender/Sup-Plus (RH)', 190.0, 220.0, 2, 2, 0, 'Reorder'),
    ('Mirror', '', '', '', 'Sup-Splender/Sup-Plus (LH)', 190.0, 220.0, 8, 6, 0, 'Reorder'),
    ('Mirror', '', '', '', 'NTRQ (RH)', 310.0, 360.0, 1, 0, 0, 'Reorder'),
    ('Mirror', '', '', '', 'NTRQ (LH)', 310.0, 360.0, 0, 0, 0, 'Reorder'),
    ('Mirror', '', '', '', 'Gixxer (RH)', 300.0, 350.0, 5, 5, 0, 'Reorder'),
    ('Mirror', '', '', '', 'Gixxer (LH)', 300.0, 350.0, 5, 5, 0, 'Reorder'),
    ('Mirror', '', '', '', 'FZ 250 (RH))', 270.0, 310.0, 10, 8, 0, 'Reorder'),
    ('Mirror', '', '', '', 'FZ 250 (LH))', 270.0, 310.0, 8, 2, 0, 'Available'),
    ('Mirror', '', '', '', 'FZ (RH)', 210.0, 260.0, 10, 6, 0, 'Available'),
    ('Mirror', '', '', '', 'FZ (LH)', 210.0, 260.0, 8, 3, 0, 'Available'),
    ('Mirror', '', '', '', 'Dio NM (RH)', 210.0, 250.0, 6, 4, 0, 'Reorder'),
    ('Mirror', '', '', '', 'DIo NM (LH)', 210.0, 250.0, 10, 10, 0, 'Reorder'),
    ('Mirror', '', '', '', 'Shine (RH)', 210.0, 260.0, 10, 6, 0, 'Available'),
    ('Mirror', '', '', '', 'Shine (LH)', 210.0, 260.0, 12, 12, 0, 'Reorder'),
    ('Mirror', '', '', '', 'Splender (RH)', 190.0, 225.0, 5, 2, 0, 'Available'),
    ('Mirror', '', '', '', 'Splender (LH)', 190.0, 225.0, 5, 1, 0, 'Available'),
    ('Mirror', '', '', '', 'Super Splender (RH)', 190.0, 225.0, 10, 0, 0, 'Available'),
    ('Mirror', '', '', '', 'Unicorn NM (RH)', 300.0, 360.0, 4, 4, 0, 'Reorder'),
    ('Mirror', '', '', '', 'Unicorn NM (LH)', 300.0, 360.0, 2, 1, 0, 'Reorder'),
    ('Mirror', '', '', '', 'Ray OM (RH)', 300.0, 320.0, 6, 3, 0, 'Available'),
    ('Mirror', '', '', '', 'Ray OM (LH)', 300.0, 320.0, 2, 2, 0, 'Reorder'),
    ('Mirror', '', '', '', 'Pulsar 150 (RH)', 210.0, 260.0, 10, 7, 0, 'Available'),
    ('Mirror', '', '', '', 'Pulsar 150 (LH)', 210.0, 260.0, 10, 7, 0, 'Available'),
    ('Mirror', '', '', '', 'NTRQ (RH)', 305.0, 350.0, 2, 0, 0, 'Reorder'),
    ('Mirror', '', '', '', 'NTRQ (LH)', 300.0, 350.0, 6, 4, 0, 'Reorder'),
    ('Mirror', '', '', '', 'Avenger Chrome (RH)', 605.0, 650.0, 2, 1, 0, 'Reorder'),
    ('Mirror', '', '', '', 'Avenger Chrome (LH)', 605.0, 650.0, 2, 1, 0, 'Reorder'),
    ('Mirror', '', '', '', 'RTR 200 (RH)', 280.0, 350.0, 4, 2, 0, 'Reorder'),
    ('Mirror', '', '', '', 'RTR 200 (LH)', 280.0, 350.0, 4, 1, 0, 'Available'),
    ('Mirror', '', '', '', 'Bullet (RH)', 600.0, 700.0, 4, 3, 0, 'Reorder'),
    ('Mirror', '', '', '', 'Bullet (LH)', 600.0, 700.0, 2, 1, 0, 'Reorder'),
    ('Mirror', '', '', '', 'NS-200 (RH)', 300.0, 400.0, 2, 1, 0, 'Reorder'),
    ('Mirror', '', '', '', 'NS-200 (LH)', 300.0, 400.0, 2, 0, 0, 'Reorder'),
    ('Mirror', '', '', '', 'Avenger (Black LH)', 550.0, 650.0, 2, 0, 0, 'Reorder'),
    ('Mirror', '', '', '', 'Avenger (Black RH)', 550.0, 650.0, 2, 0, 0, 'Reorder'),
    ('Mirror', '', '', '', 'Enticer (RH)', 215.0, 250.0, 4, 1, 0, 'Available'),
    ('Mirror', '', '', '', 'Enticer (LH)', 215.0, 250.0, 4, 1, 0, 'Available'),
    ('Mirror', '', '', '', 'Duke OM (RH)', 700.0, 850.0, 1, 0, 0, 'Reorder'),
    ('Mirror', '', '', '', 'Duke OM (LH)', 700.0, 850.0, 1, 1, 0, 'Reorder'),
    ('Front+Rear Master Cylinder', '', '', '', 'Pulsar/Gixxer/FZ/Avenger', 450.0, 550.0, 4, 3, 0, 'Reorder'),
    ('Front+Rear Master Cylinder', '', '', '', 'Unicorn/Shine/XTM/Enticer', 450.0, 550.0, 2, 1, 0, 'Reorder'),
    ('Front+Rear Master Cylinder', '', '', '', 'RTR', 600.0, 700.0, 6, 5, 0, 'Reorder'),
    ('Front+Rear Master Cylinder', '', '', '', 'FZ', 500.0, 600.0, 3, 1, 0, 'Reorder'),
    ('Front+Rear Master Cylinder', '', '', '', 'Pulsar (Endorance)', 1450.0, 1550.0, 1, 1, 0, 'Reorder'),
    ('Front+Rear Master Cylinder', '', '', '', 'Rear Master Cylinder', NULL, NULL, 0, 0, 0, ''),
    ('Front+Rear Master Cylinder', '', '', '', 'Bike Names', NULL, NULL, 0, 0, 0, 'Status'),
    ('Front+Rear Master Cylinder', '', '', '', 'Pulsar 220(Endurance)', 940.0, 1200.0, 1, 0, 0, 'Reorder'),
    ('Front+Rear Master Cylinder', '', '', '', 'Pulsar 220(Bajaj)', 1400.0, 1550.0, 2, 1, 0, 'Reorder'),
    ('Male-Female; Male-Female Assemb', '', '', '', 'UG3-150 (Bajaj)', 500.0, 650.0, 3, 0, 0, 'Available'),
    ('Male-Female; Male-Female Assemb', '', '', '', 'UG3-150 (Bajaj)', 450.0, 550.0, 1, 0, 0, 'Reorder'),
    ('Male-Female; Male-Female Assemb', '', '', '', 'UG3-220', 415.0, 550.0, 7, 0, 0, 'Available'),
    ('Male-Female; Male-Female Assemb', '', '', '', 'UG4-150', 540.0, 700.0, 4, 2, 0, 'Available'),
    ('Male-Female; Male-Female Assemb', '', '', '', 'UG4-220', 500.0, 600.0, 2, 2, 0, 'Reorder'),
    ('Male-Female; Male-Female Assemb', '', '', '', 'UG6', 520.0, 650.0, 3, 0, 0, 'Available'),
    ('Male-Female; Male-Female Assemb', '', '', '', 'Discover 125 ST', 540.0, 700.0, 2, 1, 0, 'Reorder'),
    ('Male-Female; Male-Female Assemb', '', '', '', 'Discover 150', 415.0, 550.0, 0, 0, 0, 'Reorder'),
    ('Male-Female; Male-Female Assemb', '', '', '', 'Discover 135/125', 415.0, 550.0, 2, 0, 0, 'Available'),
    ('Male-Female; Male-Female Assemb', '', '', '', 'NS-200', 500.0, 600.0, 3, 0, 0, 'Available'),
    ('Male-Female; Male-Female Assemb', '', '', '', 'NS-200 (F.C.C)', 610.0, 720.0, 3, 1, 0, 'Available'),
    ('Male-Female; Male-Female Assemb', '', '', '', 'Unicorn 160/ NM (F.C.C.)', 620.0, 720.0, 1, 0, 0, 'Reorder'),
    ('Male-Female; Male-Female Assemb', '', '', '', 'Unicorn', 480.0, 600.0, 3, 3, 0, 'Reorder'),
    ('Male-Female; Male-Female Assemb', '', '', '', 'Shine', 480.0, 600.0, 2, 2, 0, 'Reorder'),
    ('Male-Female; Male-Female Assemb', '', '', '', 'Splender', 450.0, 550.0, 2, 0, 0, 'Available'),
    ('Male-Female; Male-Female Assemb', '', '', '', 'Super-Splender', 510.0, 600.0, 3, 3, 0, 'Reorder'),
    ('Male-Female; Male-Female Assemb', '', '', '', 'Hornet', 495.0, 580.0, 0, 0, 0, 'Reorder'),
    ('Male-Female; Male-Female Assemb', '', '', '', 'RTR 160', 450.0, 550.0, 2, 0, 0, 'Available'),
    ('Male-Female; Male-Female Assemb', '', '', '', 'RTR 200', 850.0, 600.0, 1, 1, 0, 'Reorder'),
    ('Male-Female; Male-Female Assemb', '', '', '', 'FZ', 650.0, 800.0, 2, 1, 0, 'Reorder'),
    ('Male-Female; Male-Female Assemb', '', '', '', 'R15', 490.0, 600.0, 1, 0, 0, 'Reorder'),
    ('Male-Female; Male-Female Assemb', '', '', '', 'YBX/Libero/RX-100', 530.0, 650.0, 2, 1, 0, 'Reorder'),
    ('Male-Female; Male-Female Assemb', '', '', '', 'Paltina/CD-100/KB4S', 380.0, 450.0, 0, 0, 0, 'Reorder'),
    ('Male-Female; Male-Female Assemb', '', '', '', 'Gixxer', 500.0, 600.0, 2, 0, 0, 'Available'),
    ('Male-Female; Male-Female Assemb', '', '', '', 'Male-Female Assemble', NULL, NULL, 0, 0, 0, ''),
    ('Male-Female; Male-Female Assemb', '', '', '', 'Bike Names', NULL, NULL, 0, 0, 0, 'Status'),
    ('Male-Female; Male-Female Assemb', '', '', '', 'Pulsar 220 (F.C.C.)', 2305.0, 2600.0, 1, 1, 0, 'Reorder'),
    ('Male-Female; Male-Female Assemb', '', '', '', 'UG4-Pulsar 150 (F.C.C.)', 2065.0, 2400.0, 1, 0, 0, 'Available'),
    ('Male-Female; Male-Female Assemb', '', '', '', 'NS-200 (F.C.C.)', 2400.0, 2700.0, 1, 1, 0, 'Reorder'),
    ('Male-Female; Male-Female Assemb', '', '', '', 'Unicorn (F.C.C.)', 1860.0, 2000.0, 1, 1, 0, 'Reorder'),
    ('Male-Female; Male-Female Assemb', '', '', '', 'Pulsar 220 (King)', 1550.0, 1850.0, 1, 1, 0, 'Reorder'),
    ('Male-Female; Male-Female Assemb', '', '', '', 'FZ (F.C.C.)', 2245.0, 2445.0, 1, 1, 0, 'Reorder'),
    ('Male-Female; Male-Female Assemb', '', '', '', 'Shine (F.C.C.)', 1850.0, 2050.0, 1, 0, 0, 'Available'),
    ('Male-Female; Male-Female Assemb', '', '', '', 'FZ (King)', 1650.0, 1950.0, 1, 0, 0, 'Available'),
    ('Mobil', '', '', '', 'Servo (Cing-1000 ml)', 390.0, 450.0, 100, 59, 0, 'Available'),
    ('Mobil', '', '', '', 'Servo (BS6-1200 ml)', 620.0, 650.0, 20, 5, 0, 'Available'),
    ('Mobil', '', '', '', 'Castrol (GTX)', 900.0, NULL, 0, 0, 0, 'Reorder'),
    ('Mobil', '', '', '', 'Castrol (Activo)', 750.0, NULL, 0, 0, 0, 'Reorder'),
    ('Mobil', '', '', '', 'Motul (1000 ml)', 700.0, 750.0, 0, 0, 0, 'Reorder'),
    ('Mobil', '', '', '', 'Motul (1200 ml)', 800.0, 900.0, 0, 0, 0, 'Reorder'),
    ('Mobil', '', '', '', 'Petronus (BULLET)', 1900.0, 2000.0, 0, 0, 0, ''),
    ('Mobil', '', '', '', 'Mobil Filter', NULL, NULL, 0, 0, 0, ''),
    ('Mobil', '', '', '', 'Bike Names', NULL, NULL, 0, 0, 0, ''),
    ('Mobil', '', '', '', 'FZ', 55.0, 25.0, 14, 11, 0, ''),
    ('Mobil', '', '', '', 'NS-200', 75.0, 10.0, 5, 5, 0, ''),
    ('Mobil', '', '', '', 'Bullet', 70.0, 8.0, 4, 4, 0, ''),
    ('Mobil', '', '', '', 'Bullet O Ring', 130.0, 5.0, 4, 1, 0, ''),
    ('Mobil', '', '', '', 'RTR/Gixxer', 70.0, 30.0, 30, 0, 0, ''),
    ('Mobil', '', '', '', 'FZ250/MT/R15', 50.0, 20.0, 10, 10, 0, ''),
    ('One Way Bearing ', '', '', '', 'Pulsar (Big)', 600.0, 700.0, 4, 0, 0, 'Available'),
    ('One Way Bearing ', '', '', '', 'Pulsar (Small)', 600.0, 700.0, 3, 3, 0, 'Reorder'),
    ('One Way Bearing ', '', '', '', 'Unicorn', 550.0, 605.0, 1, 0, 0, 'Reorder'),
    ('One Way Bearing ', '', '', '', 'RTR 200', 1995.0, 605.0, 0, 0, 0, 'Reorder'),
    ('One Way Bearing ', '', '', '', 'Splender Pro', 550.0, 605.0, 1, 1, 0, 'Reorder'),
    ('One Way Bearing ', '', '', '', 'Passion Pro', 550.0, 605.0, 1, 1, 0, 'Reorder'),
    ('One Way Bearing ', '', '', '', 'One  Way Bearing Gotti (Pul EE10)', 150.0, 200.0, 5, 2, 0, 'Available'),
    ('Oil Seal', '', '', '', 'Pulsar 220/Avenger (SFN)', 105.0, 150.0, 15, 1, 0, 'Available'),
    ('Oil Seal', '', '', '', 'Pulsar 150 (UR-THA)', 100.0, 150.0, 10, 0, 0, 'Available'),
    ('Oil Seal', '', '', '', 'Pulsar 150/Unicorn (SFN)', 90.0, 150.0, 20, 10, 0, 'Available'),
    ('Oil Seal', '', '', '', 'Pulsar 150/Unicorn (Bajaj)', 90.0, 110.0, 20, 2, 0, 'Available'),
    ('Oil Seal', '', '', '', 'Shine/Splender/Super Splender', 85.0, 105.0, 20, 5, 0, 'Available'),
    ('Oil Seal', '', '', '', 'YBX/Enitcer', 90.0, 120.0, 12, 2, 0, 'Available'),
    ('Oil Seal', '', '', '', 'Hornet (UR-THA)', 120.0, 180.0, 10, 0, 0, 'Available'),
    ('Oil Seal', '', '', '', 'FZ/RTR (SFN)', 105.0, 150.0, 15, 15, 0, 'Reorder'),
    ('Oil Seal', '', '', '', 'FZ/RTR (UR-THA)', 120.0, 180.0, 10, 9, 0, 'Reorder'),
    ('Oil Seal', '', '', '', 'Dio NM', 150.0, 200.0, 10, 5, 0, 'Available'),
    ('Oil Seal', '', '', '', 'Dio OM', 150.0, 200.0, 3, 1, 0, 'Reorder'),
    ('Oil Seal', '', '', '', 'SZR/RTR', 90.0, 120.0, 6, 0, 0, 'Available'),
    ('Oil Seal', '', '', '', 'Gixxer (UR-THA)', 120.0, 180.0, 10, 0, 0, 'Available'),
    ('Plug-Plug Cap', '', '', '', 'Pulsar/Unicorn/Shine/FZ/Dio (BS6)', 50.0, 85.0, 110, 25, 0, 'Available'),
    ('Plug-Plug Cap', '', '', '', 'Splender (BS6)', 50.0, 85.0, 20, 20, 0, 'Reorder'),
    ('Plug-Plug Cap', '', '', '', 'Bullet/Tractor (F7TC-RP/ LML)', 110.0, 150.0, 10, 10, 0, 'Reorder'),
    ('Plug-Plug Cap', '', '', '', 'CBZ (D8TC-RP)/ Xplus/ Alba', 80.0, 100.0, 10, 3, 0, 'Available'),
    ('Plug-Plug Cap', '', '', '', 'RX 100 (E6TC)', 110.0, 150.0, 23, 18, 0, 'Reorder'),
    ('Plug-Plug Cap', '', '', '', 'Pulsar (Pollysu)', 80.0, 100.0, 0, 0, 0, 'Reorder'),
    ('Plug-Plug Cap', '', '', '', 'Splender (Pollysu)', 75.0, 100.0, 58, 44, 0, 'Available'),
    ('Plug-Plug Cap', '', '', '', 'CBZ/ Alba/Xplus', 90.0, 120.0, 13, 0, 0, 'Available'),
    ('Plug-Plug Cap', '', '', '', 'Pulsar (Champion)', 110.0, 150.0, 60, 9, 0, 'Available'),
    ('Plug-Plug Cap', '', '', '', 'Bullet (Champion)', 200.0, 250.0, 30, 4, 0, 'Available'),
    ('Plug-Plug Cap', '', '', '', 'Splender/Sup-Splender  (Champion)', 105.0, 150.0, 25, 0, 0, 'Available'),
    ('Plug-Plug Cap', '', '', '', 'Plug Cap', NULL, NULL, 0, 0, 0, ''),
    ('Plug-Plug Cap', '', '', '', 'Bikes names', NULL, NULL, 0, 0, 0, ''),
    ('Plug-Plug Cap', '', '', '', 'Splender', 60.0, 14.0, 1, 13, 0, ''),
    ('Plug-Plug Cap', '', '', '', 'Pulsar', 60.0, 15.0, 7, 8, 0, ''),
    ('Plug-Plug Cap', '', '', '', 'Unicorn', 60.0, 19.0, 10, 9, 0, ''),
    ('Plug-Plug Cap', '', '', '', 'FZ', 60.0, 19.0, 1, 18, 0, ''),
    ('Petrol Tap', '', '', '', 'Pulsar (Without LocK)', 280.0, 350.0, 4, 0, 0, 'Available'),
    ('Petrol Tap', '', '', '', 'Pulsar (With LocK)', 300.0, 350.0, 3, 3, 0, 'Reorder'),
    ('Petrol Tap', '', '', '', 'NS-200', 300.0, 350.0, 3, 0, 0, 'Available'),
    ('Petrol Tap', '', '', '', 'Discover', 310.0, 350.0, 2, 0, 0, 'Available'),
    ('Petrol Tap', '', '', '', 'FZ', 280.0, 330.0, 2, 0, 0, 'Available'),
    ('Petrol Tap', '', '', '', 'Unicorn (Without Lock)', 240.0, 290.0, 0, 0, 0, 'Reorder'),
    ('Petrol Tap', '', '', '', 'Unicorn (With Lock)', 300.0, 350.0, 5, 0, 0, 'Available'),
    ('Petrol Tap', '', '', '', 'Splender/Shine (With Lock)', 270.0, 300.0, 3, 2, 0, 'Reorder'),
    ('Petrol Tap', '', '', '', 'Splender/Shine (Without Lock)', 270.0, 300.0, 3, 0, 0, 'Available'),
    ('Petrol Tap', '', '', '', 'Super-Splender (Without Lock)', 240.0, 300.0, 3, 1, 0, 'Available'),
    ('Petrol Tap', '', '', '', 'Super-Splender (With Lock)', 250.0, 300.0, 0, 0, 0, 'Reorder'),
    ('Petrol Tap', '', '', '', 'Gixxer', 290.0, 360.0, 2, 0, 0, 'Available'),
    ('Petrol Tap', '', '', '', 'YBZ', 295.0, 350.0, 2, 1, 0, 'Reorder'),
    ('Petrol Tap', '', '', '', 'Vespa', 300.0, 360.0, 2, 2, 0, 'Reorder'),
    ('Petrol Tap', '', '', '', 'Ray', 365.0, 405.0, 2, 0, 0, 'Available'),
    ('Petrol Tap', '', '', '', 'Fashino', 365.0, 405.0, 2, 0, 0, 'Available'),
    ('Petrol Tap', '', '', '', 'Dio', 390.0, 450.0, 4, 1, 0, 'Available'),
    ('Rektifire', '', '', '', 'Pulsar (DK 39)', 1540.0, 1800.0, 1, 0, 0, 'Available'),
    ('Rektifire', '', '', '', 'Puslar (DJ 02)', 1100.0, 1300.0, 2, 0, 0, 'Available'),
    ('Rektifire', '', '', '', 'Pulsar (DK 01)', 1650.0, 1800.0, 1, 0, 0, 'Available'),
    ('Rektifire', '', '', '', 'Splender/Unicorn/Super-Splender/Dio (31M1)', 1380.0, 1550.0, 1, 1, 0, 'Reorder'),
    ('Rektifire', '', '', '', 'UG3 (DJ 64)', 905.0, 1120.0, 1, 0, 0, 'Available'),
    ('Rektifire', '', '', '', 'UG4 (DJ 02C)', 1060.0, 1260.0, 1, 0, 0, 'Available'),
    ('Rektifire', '', '', '', 'NS 200 (JL 01)', 1550.0, 1750.0, 1, 0, 0, 'Available'),
    ('Rektifire', '', '', '', 'Pul 150 (DH-72)', 1950.0, 2250.0, 1, 0, 0, 'Available'),
    ('Rektifire', '', '', '', 'FZ (YM 82)', 1450.0, 1650.0, 3, 0, 0, 'Available'),
    ('Rektifire', '', '', '', 'Gladiator (H196)', 580.0, 750.0, 1, 0, 0, 'Available'),
    ('Rocker', '', '', '', 'Pulsar 150', 380.0, 430.0, 2, 0, 0, 'Available'),
    ('Rocker', '', '', '', 'Discover 150', 340.0, 370.0, 0, 0, 0, 'Reorder'),
    ('Rocker', '', '', '', 'Shine', 380.0, 430.0, 0, 0, 0, 'Reorder'),
    ('Rocker', '', '', '', 'Dio OM', 280.0, 330.0, 2, 0, 0, 'Available'),
    ('Rocker', '', '', '', 'Dio NM', 340.0, 380.0, 2, 0, 0, 'Available'),
    ('Rocker', '', '', '', 'R15', 440.0, 490.0, 2, 0, 0, 'Available'),
    ('Rocker', '', '', '', 'YBX', 280.0, 330.0, 2, 0, 0, 'Available'),
    ('Rocker', '', '', '', 'Ray', 340.0, 390.0, 1, 0, 0, 'Available'),
    ('Rocker', '', '', '', 'FZ', 380.0, 430.0, 2, 0, 0, 'Available'),
    ('Rocker', '', '', '', 'Splender', 280.0, 330.0, 2, 0, 0, 'Available'),
    ('Rocker', '', '', '', 'RTR', 380.0, 430.0, 2, 0, 0, 'Available'),
    ('Rear Axel', '', '', '', 'Pulsar 150', 250.0, 330.0, 3, 0, 0, 'Available'),
    ('Rear Axel', '', '', '', 'Pulsar 220', 310.0, 350.0, 1, 0, 0, 'Reorder'),
    ('Rear Axel', '', '', '', 'Shine', 260.0, 300.0, 4, 4, 0, 'Reorder'),
    ('Rear Axel', '', '', '', 'Unicorn', 265.0, 355.0, 4, 0, 0, 'Available'),
    ('Rear Axel', '', '', '', 'Splender', 240.0, 300.0, 2, 0, 0, 'Available'),
    ('Rear Axel', '', '', '', 'RTR', 260.0, 300.0, 1, 0, 0, 'Reorder'),
    ('Rear Axel', '', '', '', 'FZ', 280.0, 300.0, 3, 0, 0, 'Available'),
    ('Self-Carbon', '', '', '', 'Pulsar 150', 70.0, 100.0, 5, 3, 0, 'Reorder'),
    ('Self-Carbon', '', '', '', 'Pulsar 150 (Varroc)', 130.0, 180.0, 0, 0, 0, 'Reorder'),
    ('Self-Carbon', '', '', '', 'Pulsar 220', 80.0, 100.0, 6, 6, 0, 'Reorder'),
    ('Self-Carbon', '', '', '', 'Pulsar 220 (Mesto)', 100.0, 150.0, 15, 0, 0, 'Available'),
    ('Self-Carbon', '', '', '', 'Avenger', 80.0, 100.0, 0, 0, 0, 'Reorder'),
    ('Self-Carbon', '', '', '', 'Dio (Mesto)', 85.0, 100.0, 11, 6, 0, 'Available'),
    ('Self-Carbon', '', '', '', 'FZ', 60.0, 100.0, 7, 4, 0, 'Available'),
    ('Self-Carbon', '', '', '', 'FZ (Mesto)', 95.0, 150.0, 14, 4, 0, 'Available'),
    ('Self-Carbon', '', '', '', 'FZ (Varocc-EE47)', 150.0, 200.0, 10, 2, 0, 'Available'),
    ('Self-Carbon', '', '', '', 'Gixxer', 100.0, 130.0, 6, 0, 0, 'Available'),
    ('Self-Carbon', '', '', '', 'Uni/Sup/Spl (Varroc)', 95.0, 130.0, 16, 16, 0, 'Reorder'),
    ('Self-Carbon', '', '', '', 'Ray', 60.0, 100.0, 6, 1, 0, 'Available'),
    ('Self-Carbon', '', '', '', 'Pul 150 (Mebesto)', 95.0, 130.0, 18, 10, 0, 'Available'),
    ('Side Light', '', '', '', 'Pulsar 150/180/200/220', 200.0, 300.0, 20, 8, 0, 'Available'),
    ('Side Light', '', '', '', 'Pulsar 150 (Yellow)', 200.0, 260.0, 2, 2, 0, 'Reorder'),
    ('Side Light', '', '', '', 'FZ (White)', 220.0, 280.0, 25, 21, 0, 'Reorder'),
    ('Side Light', '', '', '', 'FZ (Yellow)', 220.0, 280.0, 5, 1, 0, 'Reorder'),
    ('Side Light', '', '', '', 'Shine', 220.0, 280.0, 20, 12, 0, 'Available'),
    ('Side Light', '', '', '', 'Shine NM', 240.0, 300.0, 4, 4, 0, 'Reorder'),
    ('Side Light', '', '', '', 'Unicorn', 220.0, 280.0, 20, 0, 0, 'Available'),
    ('Side Light', '', '', '', 'Splender Plus(Red)', 220.0, 280.0, 8, 8, 0, 'Reorder'),
    ('Side Light', '', '', '', 'Splender Pro (White)', 220.0, 280.0, 20, 7, 0, 'Available'),
    ('Side Light', '', '', '', 'Super-Splender (White)', 220.0, 280.0, 10, 5, 0, 'Reorder'),
    ('Side Light', '', '', '', 'Super-Splender (Yellow)', 220.0, 280.0, 10, 1, 0, 'Available'),
    ('Side Light', '', '', '', 'Enitcer/Bullet/Boxer (Yellow)', 350.0, 450.0, 20, 5, 0, 'Available'),
    ('Side Light', '', '', '', 'Enitcer/Bullet/Boxer (White)', 350.0, 450.0, 4, 0, 0, 'Reorder'),
    ('Side Light', '', '', '', 'RTR', 230.0, 280.0, 14, 14, 0, 'Reorder'),
    ('Side Light', '', '', '', 'RTR-200 (Front- Jainson)', 500.0, 650.0, 5, 5, 0, 'Reorder'),
    ('Side Light', '', '', '', 'RTR-200 (Rear- Jainson)', 500.0, 650.0, 14, 0, 0, 'Available'),
    ('Side Light', '', '', '', 'NS-200 (Rear)', 390.0, 500.0, 20, 5, 0, 'Available'),
    ('Side Light', '', '', '', 'Xpluse', 460.0, 530.0, 14, 0, 0, 'Available'),
    ('Side Stand', '', '', '', 'Pulsar 150', 195.0, 230.0, 4, 4, 0, 'Reorder'),
    ('Side Stand', '', '', '', 'Pulsar 220', 195.0, 230.0, 3, 2, 0, 'Reorder'),
    ('Side Stand', '', '', '', 'Pulsar 220 (Mebesto)', 210.0, 280.0, 0, 0, 0, 'Reorder'),
    ('Side Stand', '', '', '', 'Discover', 195.0, 230.0, 2, 0, 0, 'Available'),
    ('Side Stand', '', '', '', 'Dio NM', 195.0, 230.0, 8, 1, 0, 'Available'),
    ('Side Stand', '', '', '', 'Splender', 185.0, 230.0, 3, 0, 0, 'Available'),
    ('Side Stand', '', '', '', 'Splender (Mebesto)', 195.0, 230.0, 4, 4, 0, 'Reorder'),
    ('Side Stand', '', '', '', 'CBZ', 195.0, 230.0, 4, 0, 0, 'Available'),
    ('Side Stand', '', '', '', 'Shine/Unicorn', 195.0, 230.0, 10, 3, 0, 'Available'),
    ('Side Stand', '', '', '', 'FZ', 195.0, 230.0, 2, 0, 0, 'Available'),
    ('Side Stand', '', '', '', 'RTR', 195.0, 230.0, 2, 0, 0, 'Available'),
    ('Side Stand', '', '', '', 'Libero/Gladiator', 195.0, 230.0, 3, 0, 0, 'Available'),
    ('Side Stand', '', '', '', 'Ray Series', 195.0, 230.0, 3, 0, 0, 'Available'),
    ('Speedo Meter Cable ', '', '', '', 'Pulsar 150  (Censor)', 825.0, 900.0, 5, 3, 0, 'Available'),
    ('Speedo Meter Cable ', '', '', '', 'Pulsar 220 (Censor)', 740.0, 850.0, 4, 2, 0, 'Available'),
    ('Speedo Meter Cable ', '', '', '', 'FZ (Censor)', 850.0, 900.0, 2, 2, 0, 'Reorder'),
    ('Speedo Meter Cable ', '', '', '', 'Unicorn/Shine Gotti (Censor)', 250.0, 300.0, 5, 5, 0, 'Reorder'),
    ('Speedo Meter Cable ', '', '', '', 'Avenger 220/Discover 100', NULL, NULL, 0, 0, 0, 'Reorder'),
    ('Speedo Meter Cable ', '', '', '', 'Pulsar OM', 130.0, 150.0, 1, 0, 0, 'Reorder'),
    ('Speedo Meter Cable ', '', '', '', 'Dio OM', 130.0, 150.0, 1, 0, 0, 'Reorder'),
    ('Speedo Meter Cable ', '', '', '', 'Dio NM', 130.0, 150.0, 10, 2, 0, 'Available'),
    ('Speedo Meter Cable ', '', '', '', 'Unicorn/Shine/Super-Splender', 135.0, 150.0, 10, 6, 0, 'Available'),
    ('Speedo Meter Cable ', '', '', '', 'Libero/Alba/YBX', 130.0, 150.0, 5, 0, 0, 'Available'),
    ('Speedo Meter Cable ', '', '', '', 'Enticer/Gladiator', 130.0, 150.0, 2, 1, 0, 'Reorder'),
    ('Speedo Meter Cable ', '', '', '', 'Splender', 130.0, 150.0, 5, 1, 0, 'Available'),
    ('Speedo Meter Cable ', '', '', '', 'Fashino', 130.0, 150.0, 0, 0, 0, 'Reorder'),
    ('Speedo Meter Cable ', '', '', '', 'Ray NM', 150.0, 200.0, 5, 3, 0, 'Available'),
    ('Speedo Meter Cable ', '', '', '', 'SZR', 130.0, 150.0, 3, 1, 0, 'Available'),
    ('Speedo Meter Cable ', '', '', '', 'DK201098 (Bajaj)', 630.0, 750.0, 0, 0, 0, 'Reorder'),
    ('Speedo Meter Cable ', '', '', '', 'Speedo Meter Gotti', NULL, NULL, 0, 0, 0, ''),
    ('Speedo Meter Cable ', '', '', '', 'Bikes names', NULL, NULL, 0, 0, 0, 'Status'),
    ('Speedo Meter Cable ', '', '', '', 'Discover', 100.0, 140.0, 6, 1, 0, 'Available'),
    ('Speedo Meter Cable ', '', '', '', 'Dio OM', 100.0, 140.0, 10, 0, 0, 'Available'),
    ('Speedo Meter Cable ', '', '', '', 'Dio NM', 110.0, 150.0, 5, 4, 0, 'Reorder'),
    ('Speedo Meter Cable ', '', '', '', 'Alba/YBX/Libero/RX-100', 100.0, 140.0, 4, 1, 0, 'Available'),
    ('Speedo Meter Cable ', '', '', '', 'Splender', 100.0, 140.0, 2, 0, 0, 'Reorder'),
    ('Speedo Meter Cable ', '', '', '', 'Shine/Super-Splender', 110.0, 140.0, 13, 0, 0, 'Available'),
    ('Speedo Meter Cable ', '', '', '', 'Pleasure', 100.0, 140.0, 5, 4, 0, 'Reorder'),
    ('Shock Rod ', '', '', '', 'Pulsar 150  (UG-3 Jainson)', 1600.0, 1800.0, 2, 0, 0, 'Available'),
    ('Shock Rod ', '', '', '', 'Pulsar 150 (UG-3 Endurance)', 2770.0, 3150.0, 2, 0, 0, 'Available'),
    ('Shock Rod ', '', '', '', 'Pulsar 150 (UG-4  Jainson)', 1500.0, 1700.0, 2, 0, 0, 'Available'),
    ('Shock Rod ', '', '', '', 'Pulsar 150 (UG-4 ABN)', 1650.0, 1850.0, 2, 0, 0, 'Available'),
    ('Shock Rod ', '', '', '', 'Pulsar 150 (UG-4 Endurance)', 2920.0, 3250.0, 0, 0, 0, 'Reorder'),
    ('Shock Rod ', '', '', '', 'Pulsar 220 (Jainson)', 1880.0, 2000.0, 2, 1, 0, 'Reorder'),
    ('Shock Rod ', '', '', '', 'Pulsar 220 (Ebdurance)', 3340.0, 3650.0, 2, 0, 0, 'Available'),
    ('Shock Rod ', '', '', '', 'FZ (Jainson)', 1900.0, 2350.0, 4, 0, 0, 'Available'),
    ('Shock Rod ', '', '', '', 'FZ (Endurance)', 3600.0, 4000.0, 0, 0, 0, 'Reorder'),
    ('Shock Rod ', '', '', '', 'Shine (Jainsons)', 1750.0, 2000.0, 2, 0, 0, 'Available'),
    ('Shock Rod ', '', '', '', 'Shine (Endurance)', 2515.0, 2800.0, 2, 0, 0, 'Available'),
    ('Shock Rod ', '', '', '', 'Splender (Jainson)', 1550.0, 1650.0, 3, 2, 0, 'Reorder'),
    ('Shock Rod ', '', '', '', 'XTM (Jainson)', 1700.0, 1800.0, 2, 0, 0, 'Available'),
    ('Shock Rod ', '', '', '', 'RTR (Jainson)', 1900.0, 2200.0, 2, 0, 0, 'Available'),
    ('Shock Rod ', '', '', '', 'Dio NM', 1450.0, 1600.0, 4, 0, 0, 'Available'),
    ('Shock Rod ', '', '', '', 'Pul (UG4-DAT)', 1800.0, 2000.0, 4, 0, 0, 'Available'),
    ('Shock Rod ', '', '', '', 'Pul 220 (DAT)', 1900.0, 2200.0, 2, 0, 0, 'Available'),
    ('Shock Rod ', '', '', '', 'Rear Shock (Endurance)', NULL, NULL, 0, 0, 0, ''),
    ('Shock Rod ', '', '', '', 'Bikes names', NULL, NULL, 0, 0, 0, 'Status'),
    ('Shock Rod ', '', '', '', 'Pulsar 220', NULL, NULL, 3, 0, 0, 'Available'),
    ('Shock Rod ', '', '', '', 'Pulsar 150', NULL, NULL, 3, 2, 0, 'Available'),
    ('Shock Rod ', '', '', '', 'Pulsar 135/RTR', NULL, NULL, 0, 0, 0, 'Reorder'),
    ('Shock Rod ', '', '', '', 'FZ (Mono)', NULL, NULL, 1, 0, 0, 'Available'),
    ('Shock Rod ', '', '', '', 'SHINE', NULL, NULL, 3, 0, 0, 'Available'),
    ('Shock Rod ', '', '', '', 'Dio (Mono)', NULL, NULL, 2, 0, 0, 'Available'),
    ('Suspention Bush', '', '', '', 'Pulsar 220', 320.0, 380.0, 6, 2, 0, 'Available'),
    ('Suspention Bush', '', '', '', 'Pulsar 150/CBZ', 130.0, 180.0, 8, 1, 0, 'Available'),
    ('Suspention Bush', '', '', '', 'Unicorn', 230.0, 280.0, 4, 0, 0, 'Available'),
    ('Suspention Bush', '', '', '', 'CBZ XTM', 290.0, 350.0, 6, 2, 0, 'Available'),
    ('Suspention Bush', '', '', '', 'SZR', 280.0, 320.0, 3, 1, 0, 'Reorder'),
    ('Suspention Bush', '', '', '', 'FZ', 230.0, 280.0, 2, 0, 0, 'Reorder'),
    ('Suspention Bush', '', '', '', 'RTR', 290.0, 350.0, 3, 0, 0, 'Available'),
    ('Suspention Bush', '', '', '', 'Shine', 130.0, 180.0, 6, 1, 0, 'Available'),
    ('Suspention Bush', '', '', '', 'FZV2/FZ250', 330.0, 400.0, 5, 1, 0, 'Available'),
    ('Suspention Bush', '', '', '', 'R15', 295.0, 395.0, 1, 0, 0, 'Reorder'),
    ('Suspention Bush', '', '', '', 'Dio', 35.0, 55.0, 20, 2, 0, 'Available'),
    ('Suspention Bush', '', '', '', 'Splender', 100.0, 130.0, 5, 1, 0, 'Available'),
    ('Self-Cutout- Relay', '', '', '', 'Pulsar 220 (Pulsar BJ41)', 450.0, 620.0, 6, 6, 0, 'Reorder'),
    ('Self-Cutout- Relay', '', '', '', 'Dio/Activa (KI44)', 230.0, 300.0, 8, 1, 0, 'Available'),
    ('Self-Cutout- Relay', '', '', '', 'Unicorn/Shine/FZ (Varroc)', 340.0, 400.0, 3, 1, 0, 'Reorder'),
    ('Self-Cutout- Relay', '', '', '', 'FZ', 210.0, 290.0, 2, 2, 0, 'Reorder'),
    ('Self-Cutout- Relay', '', '', '', 'Pulsar 220 (Bajaj packing)', 440.0, 620.0, 4, 4, 0, 'Reorder'),
    ('Self-Cutout- Relay', '', '', '', 'Self-Relay', NULL, NULL, 0, 0, 0, ''),
    ('Self-Cutout- Relay', '', '', '', 'Bikes names', NULL, NULL, 0, 0, 0, 'Status'),
    ('Self-Cutout- Relay', '', '', '', 'Pulsar-4pin (Thulo ''BJ 42'')', 230.0, 260.0, 5, 0, 0, 'Available'),
    ('Self-Cutout- Relay', '', '', '', 'Pulsar (BJ 26)', 210.0, 250.0, 6, 3, 0, 'Available'),
    ('Self-Cutout- Relay', '', '', '', 'Pulsar-4pin (BJ 62)', 225.0, 250.0, 7, 0, 0, 'Available'),
    ('Self-Cutout- Relay', '', '', '', 'Pulsar-5pin (BJ 63)', 180.0, 250.0, 7, 0, 0, 'Available'),
    ('Self-Cutout- Relay', '', '', '', 'FZ (YM 50)', 220.0, 280.0, 15, 0, 0, 'Available'),
    ('Self-Cutout- Relay', '', '', '', 'Self-Switch (SW-0686-Shine-RH)', 200.0, 300.0, 6, 0, 0, 'Available'),
    ('Self-Cutout- Relay', '', '', '', 'Self-Switch (Scooter-Varroc)', 90.0, 130.0, 0, 0, 0, 'Reorder'),
    ('Seat Cover', '', '', '', 'XR 150/190', 420.0, 480.0, 2, 0, 0, 'Available'),
    ('Seat Cover', '', '', '', 'Aviator', 340.0, 390.0, 2, 0, 0, 'Available'),
    ('Seat Cover', '', '', '', 'NTRQ', 340.0, 380.0, 4, 3, 0, 'Reorder'),
    ('Seat Cover', '', '', '', 'RTR 160', 330.0, 390.0, 2, 2, 0, 'Reorder'),
    ('Seat Cover', '', '', '', 'RTR 160 4V', 330.0, 390.0, 3, 2, 0, 'Reorder'),
    ('Seat Cover', '', '', '', 'RTR 200 4V', 330.0, 390.0, 2, 0, 0, 'Available'),
    ('Seat Cover', '', '', '', 'Avenger', 330.0, 390.0, 5, 1, 0, 'Available'),
    ('Seat Cover', '', '', '', 'Grazzia', 350.0, 400.0, 2, 0, 0, 'Available'),
    ('Seat Cover', '', '', '', 'FZ V2 double', 335.0, 390.0, 1, 1, 0, 'Reorder'),
    ('Seat Cover', '', '', '', 'FZ V3', 335.0, 390.0, 5, 0, 0, 'Available'),
    ('Seat Cover', '', '', '', 'NS-200', 320.0, 380.0, 4, 3, 0, 'Reorder'),
    ('Seat Cover', '', '', '', 'Pulsar 220', 320.0, 380.0, 7, 3, 0, 'Available'),
    ('Seat Cover', '', '', '', 'Pulsar 150', 320.0, 380.0, 5, 1, 0, 'Available'),
    ('Seat Cover', '', '', '', 'Pulsar 150 (Fire)', 330.0, 400.0, 1, 0, 0, 'Reorder'),
    ('Seat Cover', '', '', '', 'FZ', 320.0, 380.0, 5, 1, 0, 'Available'),
    ('Seat Cover', '', '', '', 'Gladiator', 320.0, 380.0, 2, 0, 0, 'Available'),
    ('Seat Cover', '', '', '', 'Enticer', 320.0, 380.0, 3, 0, 0, 'Available'),
    ('Seat Cover', '', '', '', 'Alba/Libero', 320.0, 380.0, 2, 0, 0, 'Available'),
    ('Seat Cover', '', '', '', 'FZ 250', 320.0, 390.0, 3, 2, 0, 'Reorder'),
    ('Seat Cover', '', '', '', 'Ray OM', 320.0, 380.0, 1, 0, 0, 'Reorder'),
    ('Seat Cover', '', '', '', 'Ray ZR FI', 380.0, 450.0, 1, 0, 0, 'Reorder'),
    ('Seat Cover', '', '', '', 'Ray ZR', 350.0, 400.0, 4, 1, 0, 'Available'),
    ('Seat Cover', '', '', '', 'Unicorn', 320.0, 380.0, 3, 0, 0, 'Available'),
    ('Seat Cover', '', '', '', 'Shine', 320.0, 380.0, 7, 3, 0, 'Available'),
    ('Seat Cover', '', '', '', 'Pleasure', 320.0, 380.0, 3, 0, 0, 'Available'),
    ('Seat Cover', '', '', '', 'Dio NM', 320.0, 380.0, 7, 3, 0, 'Available'),
    ('Seat Cover', '', '', '', 'Dio NM (BS6)', 350.0, 400.0, 2, 0, 0, 'Available'),
    ('Seat Cover', '', '', '', 'Dio OM', 320.0, 380.0, 3, 1, 0, 'Available'),
    ('Seat Cover', '', '', '', 'Splender', 320.0, 380.0, 3, 2, 0, 'Reorder'),
    ('Seat Cover', '', '', '', 'Super Splender OM', 320.0, 380.0, 4, 0, 0, 'Available'),
    ('Seat Cover', '', '', '', 'Super Splender NM', 320.0, 380.0, 4, 1, 0, 'Available'),
    ('Seat Cover', '', '', '', 'CBZ XTM (Single)', 320.0, 380.0, 2, 1, 0, 'Reorder'),
    ('Seat Cover', '', '', '', 'CBZ XTM (Double)', 320.0, 380.0, 3, 3, 0, 'Reorder'),
    ('Seat Cover', '', '', '', 'YBX', 320.0, 380.0, 1, 0, 0, 'Reorder'),
    ('Seat Cover', '', '', '', 'Aprilla', 500.0, 650.0, 1, 0, 0, 'Reorder'),
    ('Seat Cover', '', '', '', 'Xpluse', 500.0, 650.0, 3, 1, 0, 'Available'),
    ('Seat Cover', '', '', '', 'Gixxer', 320.0, 380.0, 3, 0, 0, 'Available'),
    ('Shock Spring', '', '', '', 'Pulsar 220', 400.0, 500.0, 3, 1, 0, 'Available'),
    ('Shock Spring', '', '', '', 'Pulsar 150', 200.0, 300.0, 2, 2, 0, 'Reorder'),
    ('Shock Spring', '', '', '', 'UG3', 200.0, 300.0, 2, 0, 0, 'Available'),
    ('Shock Spring', '', '', '', 'Unicorn', 290.0, 350.0, 4, 0, 0, 'Available'),
    ('Shock Spring', '', '', '', 'Splender', 300.0, 400.0, 3, 0, 0, 'Available'),
    ('Shock Spring', '', '', '', 'FZ', 400.0, 480.0, 3, 0, 0, 'Available'),
    ('Shock Spring', '', '', '', 'Shine', 350.0, 450.0, 4, 0, 0, 'Available'),
    ('Top ', '', '', '', 'Pulsar 150/180/200', 675.0, 800.0, 0, 0, 0, ''),
    ('Top ', '', '', '', 'Pulsar 220/Avenger', 750.0, 900.0, 0, 0, 0, ''),
    ('Top ', '', '', '', 'FZ', 825.0, 925.0, 0, 0, 0, ''),
    ('Top ', '', '', '', 'Unicorn', 725.0, 825.0, 0, 0, 0, ''),
    ('Top ', '', '', '', 'Shine', 725.0, 825.0, 0, 0, 0, ''),
    ('Top ', '', '', '', 'Splender', 525.0, 625.0, 0, 0, 0, ''),
    ('Top ', '', '', '', 'RTR', 825.0, 925.0, 0, 0, 0, ''),
    ('Top ', '', '', '', 'Dio', 935.0, 1050.0, 0, 0, 0, ''),
    ('Tube', '', '', '', '3.18/2.75.18', 230.0, 300.0, 10, 10, 0, 'Reorder'),
    ('Tube', '', '', '', '3.17/2.75.17', 230.0, 300.0, 18, 8, 0, 'Available'),
    ('Tube', '', '', '', '3.50.10', 230.0, 300.0, 10, 3, 0, 'Available'),
    ('Tube', '', '', '', '3.50.8', 230.0, 300.0, 13, 6, 0, 'Available'),
    ('Tube', '', '', '', '100.90.18/90.90.18', 280.0, 350.0, 10, 6, 0, 'Available'),
    ('Tube', '', '', '', '100.90.17/90.90.17', 280.0, 350.0, 17, 5, 0, 'Available'),
    ('Tube', '', '', '', '90.90.12', 240.0, 350.0, 5, 0, 0, 'Available'),
    ('Tube', '', '', '', '130.90.15', 425.0, 480.0, 2, 0, 0, 'Reorder'),
    ('Tube', '', '', '', '300/19', 380.0, 450.0, 7, 2, 0, 'Available'),
    ('Tube', '', '', '', '300/21', 380.0, 450.0, 6, 1, 0, 'Available'),
    ('Tube', '', '', '', 'Tubeless Gun', 350.0, NULL, 0, 0, 0, 'Reorder'),
    ('Tube', '', '', '', 'Tubeless Stick', 350.0, NULL, 5, 0, 0, ''),
    ('Tube', '', '', '', 'Puncher Sticker', 10.0, 300.0, 0, 0, 0, ''),
    ('Tanky Cap', '', '', '', 'Pulsar BS 4 (7170A)', 950.0, 1050.0, 4, 2, 0, 'Available'),
    ('Tanky Cap', '', '', '', 'Pulsar BS3 (7170)', 620.0, 750.0, 1, 1, 0, 'Reorder'),
    ('Tanky Cap', '', '', '', 'AS/NS-200', 615.0, 755.0, 1, 0, 0, 'Available'),
    ('Tanky Cap', '', '', '', 'FZ', 700.0, 850.0, 2, 0, 0, 'Available'),
    ('Tanky Cap', '', '', '', 'Shine', 500.0, 600.0, 2, 0, 0, 'Available'),
    ('Tanky Cap', '', '', '', 'Unicorn/CBZ XTM', 620.0, 720.0, 0, 0, 0, 'Reorder'),
    ('Tanky Cap', '', '', '', 'YBX/CRUX/YBR', 330.0, 450.0, 0, 0, 0, 'Reorder'),
    ('Tanky Cap', '', '', '', 'Libero', 450.0, 550.0, 0, 0, 0, 'Reorder'),
    ('Tanky Cap', '', '', '', 'Discover', 405.0, 550.0, 0, 0, 0, 'Reorder'),
    ('Tanky Cap', '', '', '', 'Pulsar 150', 935.0, 1035.0, 0, 0, 0, 'Reorder'),
    ('Tanky Cap', '', '', '', 'Pulsar UG 3 (FC- 4987Z "E")', 1150.0, 1450.0, 2, 1, 0, 'Available'),
    ('Tanky Cap', '', '', '', 'Shine/Unicorn', 490.0, 590.0, 2, 2, 0, 'Reorder'),
    ('Tanky Cap', '', '', '', 'Pulsar 220 NM-BS6 (FC4946FZ "E")', 1410.0, 1510.0, 1, 0, 0, 'Available'),
    ('Tanky Cap', '', '', '', 'Pulsar 150 (S.P.)', 580.0, 650.0, 0, 0, 0, 'Reorder'),
    ('Tanky Cap', '', '', '', 'Pulsar 150 (DEUS-0438P)', 600.0, 705.0, 0, 0, 0, 'Reorder'),
    ('Tanky Cap', '', '', '', 'Tanky Set', NULL, NULL, 0, 0, 0, ''),
    ('Tanky Cap', '', '', '', 'Bike Name', NULL, NULL, 0, 0, 0, 'Status'),
    ('Tanky Cap', '', '', '', 'KT-2184HZ € (Pul 220)', 1880.0, 2200.0, 1, 1, 0, 'Available'),
    ('Timing Pad', '', '', '', 'Pulsar 150', 160.0, 220.0, 2, 0, 0, 'Available'),
    ('Timing Pad', '', '', '', 'Pulsar 220', 190.0, 250.0, 0, 0, 0, 'Reorder'),
    ('Timing Pad', '', '', '', 'Pulsar 150 (Bajaj)', 290.0, 380.0, 9, 7, 0, 'Available'),
    ('Timing Pad', '', '', '', 'Karizma', 170.0, 220.0, 0, 0, 0, 'Reorder'),
    ('Timing Pad', '', '', '', 'Dio NM', 170.0, 220.0, 1, 0, 0, 'Reorder'),
    ('Timing Pad', '', '', '', 'Discover', 170.0, 220.0, 1, 0, 0, 'Reorder'),
    ('Tyres', '', '', '', '140/60/17 (Rear)', 5985.0, 6275.0, 0, 0, 0, 'Reorder'),
    ('Tyres', '', '', '', '140/70/17 (Rear)', 5690.0, 5900.0, 0, 0, 0, 'Reorder'),
    ('Tyres', '', '', '', '130/70/17 (Rear)', 4725.0, 5100.0, 0, 0, 0, 'Reorder'),
    ('Tyres', '', '', '', '130/90/15', 4255.0, 4550.0, 0, 0, 0, 'Reorder'),
    ('Tyres', '', '', '', '120/80/17 (Rear)', 4500.0, 4850.0, 0, 0, 0, 'Reorder'),
    ('Tyres', '', '', '', '120/80/18 (Rear)', 3990.0, 4360.0, 0, 0, 0, 'Reorder'),
    ('Tyres', '', '', '', '120/70/14', 3730.0, 3950.0, 0, 0, 0, 'Reorder'),
    ('Tyres', '', '', '', '110/80/17', 3600.0, 4000.0, 0, 0, 0, 'Reorder'),
    ('Tyres', '', '', '', '110/80/12', 3520.0, 3775.0, 0, 0, 0, 'Reorder'),
    ('Tyres', '', '', '', '110/70/17', 3850.0, 4050.0, 0, 0, 0, 'Reorder'),
    ('Tyres', '', '', '', '100/80/17 (Rear)', 3150.0, 3400.0, 0, 0, 0, 'Reorder'),
    ('Tyres', '', '', '', '100/80/17 (Front)', 3400.0, 3650.0, 0, 0, 0, 'Reorder'),
    ('Tyres', '', '', '', '100/90/17 (Rear)', 3490.0, 3750.0, 0, 0, 0, 'Reorder'),
    ('Tyres', '', '', '', '100/90/18 (Rear)', 3500.0, 3750.0, 0, 0, 0, 'Reorder'),
    ('Tyres', '', '', '', '90/100/10', 2365.0, 2580.0, 0, 0, 0, 'Reorder'),
    ('Tyres', '', '', '', '90/90/19', 3360.0, 3600.0, 0, 0, 0, 'Reorder'),
    ('Tyres', '', '', '', '90/90/12', 2405.0, 2680.0, 0, 0, 0, 'Reorder'),
    ('Tyres', '', '', '', '90/90/17', 3145.0, 3500.0, 0, 0, 0, 'Reorder'),
    ('Tyres', '', '', '', '80/100/17 (Front)', 2860.0, 3120.0, 0, 0, 0, 'Reorder'),
    ('Tyres', '', '', '', '80/100/18 (Front)', 2860.0, 3120.0, 0, 0, 0, 'Reorder'),
    ('Tyres', '', '', '', '80/100/18 (Rear)', 3105.0, 3400.0, 0, 0, 0, 'Reorder'),
    ('Tyres', '', '', '', '3.18 (NGP-Rear)', 3125.0, 3450.0, 0, 0, 0, 'Reorder'),
    ('Tyres', '', '', '', '3.18 (Non-Tubeless-Rear)', 2875.0, 3120.0, 0, 0, 0, 'Reorder'),
    ('Tyres', '', '', '', '2.75/18 (Front)', 2470.0, 2650.0, 0, 0, 0, 'Reorder'),
    ('Tyres', '', '', '', '2.75/18 (NGP-Rear)', 2875.0, 3000.0, 0, 0, 0, 'Reorder'),
    ('Tyres', '', '', '', '2.75/17 (Front)', 2750.0, 2980.0, 0, 0, 0, 'Reorder'),
    ('Tyres', '', '', '', '90/100/10', NULL, NULL, 0, 0, 0, '');

COMMIT;